ID,latitude,longitude,NAME,Review_num,Rating,Categories,Price
XgQ8riUvnMOBVfRG29NCEQ,34.07015196,-118.3076326,Anju House,205,4.3,"Korean, Bars, Tapas/Small Plates",
88kri8FhXy8b3DQ_QjSMmQ,34.09906083,-118.3373094,L'Antica Pizzeria Da Michele,2182,4.3,"Pizza, Italian, Breakfast & Brunch",$$$
z0zaCVA-p_5xTsyUZrmR0g,34.064154,-118.343684,Republique,7246,4.2,"French, Breakfast & Brunch, Cocktail Bars",$$
RVbZaawgEGmto6TxOoVBdQ,34.10052,-118.32927,Running Goose,1785,4.3,"Gastropubs, Latin American",$$
cal0Wpupxj9c_AV7WzDXsw,34.0771299,-118.38068,GRANVILLE,2835,4.4,"New American, Cocktail Bars",$$
ccJcaRCHQkJmmnGC1SN4hQ,34.06309,-118.29754,Louders,617,4.5,"Asian Fusion, Chicken Shop",$$
XT5o_SKmmpIGvwDKYZw5tg,34.10016,-118.33014,The Highlight Room Grill,444,3.8,"Breakfast & Brunch, New American, Acai Bowls",$$
dnYh7aAv1O5RwseWGdLOKQ,34.09948,-118.33167,Ka'teen,686,4,"Mexican, Cocktail Bars, Breakfast & Brunch",
o8Y0SXqQuIC7HOWe45w8PQ,34.057451,-118.295235,Kingyubu,82,4.8,"Sushi Bars, Korean, Barbeque",$$
3FlrvSaW-TSwkQDsCpKYEg,34.07211,-118.367363,OSTE,890,4.7,"Italian, Pizza",
A1uhJRnDhxIbn2HzLFaMXg,34.05243,-118.30441,Lasung House,13,4.6,"Korean, Comfort Food",
1RJCu-0D5ZEnVRBKwqodGQ,34.07587723,-118.3233931,Great White,559,4.1,"New American, Breakfast & Brunch, Cocktail Bars",$$
h1R2iKYdm2lwukzMJvJqDw,34.06286026,-118.2975703,Hangari Kalguksu,2720,4.4,"Korean, Noodles",$$
iRjnWYY5oVJTaZ5teU1vOQ,34.06329,-118.30372,King Chang - LA,503,4.8,"Korean, Barbeque, Beer, Wine & Spirits",
wwTc59Ul8abQO0dLon5jkA,34.08841221,-118.3437228,Mother Tongue,346,4.1,"New American, Seafood, Vegetarian",
T4eGk9bvqtHS_M3IVlv72g,34.06042091,-118.309614,Enchant,122,4.1,"Asian Fusion, Breakfast & Brunch, Wine Bars",$$
HuQtriV_ApipXfM8xax33w,34.060415,-118.345018,Met Him At A Bar,764,4.3,"Italian, Cocktail Bars",$$
25fipMHUHLZTq0sVQINi5g,34.145172,-118.369529,The Front Yard,3523,4,"New American, Breakfast & Brunch, Beer, Wine & Spirits",$$
WO12S4gvOYkYF8_70RWrQA,34.064166,-118.309516,HanEuem,270,4.4,"Korean, Comfort Food, Gastropubs",$$$
o3yPf6EwWGYNcN3OnZFOPg,34.10237658,-118.3273158,Lemon Grove,117,4.4,"Cocktail Bars, New American, Wine Bars",
irWMpwJ1JFx5ih4TTQVo6Q,34.08340422,-118.3132193,The Edmon,325,4.4,"Cocktail Bars, New American",$$
gTnENRgQRiVa3LxKO6FaBg,34.09045547,-118.3184784,Taste of the Caribbean LA,234,4.2,Caribbean,
Yb4aeWCdmrBnNlGm3FlUEg,34.101457,-118.301858,Roasted Duck By Paord,7,4.9,Thai,
h2u-coGd8WWClyU3b7jf8w,34.0609448,-118.3446759,Met Her At A Bar,2598,4.4,"Cafes, Breakfast & Brunch, New American",$$
JhFb3lEHS8N6F3oMjJx1Iw,34.10237501,-118.3273317,Jemma Hollywood,111,4.5,Italian,
gdt3KaVt_KM0Mgwi69iMfw,34.062128,-118.313381,Dasom By Chef Kang,35,4.9,"Korean, Comfort Food, Soup",
IXX4iFv3YcU5TVyjncfQHg,34.061463,-118.311848,Burnin' Shell,150,4.6,"Seafood, Korean, Barbeque",$$$
ohosmz6FXVAeoW5nUkYwng,34.09053959,-118.2771289,Pine & Crane,3084,4.4,"Taiwanese, Wine Bars, Tapas/Small Plates",$$
0SerWqGwzNWpTA2RBLVdUg,34.06301164,-118.2975587,Sun Nong Dan,2514,4.3,"Korean, Soup",$$$
mogBbg16id_H0pw_YQ3YbA,34.0327954,-118.3477496,Cento,762,4.5,"Italian, Mediterranean, Tapas/Small Plates",$$
vs8USEc1A480H8MnmFKs5A,34.06309,-118.29754,Chadolpoong,553,4.5,"Korean, Soup, Comfort Food",$$
HFUPpBwUs42VUZlbFA1jgg,34.06868111,-118.3095399,Bitbokki,43,4.7,"Ramen, Bars, Korean",
z7hrUyqC0c7hgRbHaN4vRw,34.063811,-118.29736,Danbi,14,4.9,Korean,
K-Fbh2WCHlqR56H9TnfpNA,34.048831,-118.25136,Perch,10305,4.1,"Lounges, French, Breakfast & Brunch",$$$
V_t4QBPg-eC9-rpD1TRYQg,34.09932,-118.33115,Mother Wolf,908,4,Italian,$$$$
bJvQKjdfoSVoEDSca9hfHg,34.03973,-118.25852,Cabra Los Angeles,511,4.5,Peruvian,$$
z77RF59UiHvPui3Xfxi5Pw,34.09772,-118.31918,New York's Chopped Cheese,70,4.4,"Delis, Sandwiches",$$
rRK5eBRqFmBQXOmqIPeH0Q,34.063675,-118.30814,Jilli Modern Sool Jib,78,4.2,"Korean, Tapas Bars, Wine Bars",
e0Vs3U-XkLkZ7EJ6JgPAYQ,34.07033,-118.292183,Olivia,221,4.8,"Vegetarian, Pizza, Wine Bars",$$
eHwdLWQrg4nr_3fuiH_jhQ,34.0575395,-118.3072592,Honey Night,491,4.7,"Korean, Bars",$$
Tykto4okKk2seF86k28dww,34.09447,-118.37434,Casa Madera - West Hollywood,366,3.8,"Mexican, Mediterranean",$$$$
BzmbRSKGs56Yw2w2R12khw,34.09784367,-118.3183377,Hoy-Ka Thai Restaurant,2307,4.3,"Thai, Noodles",$$
DvektCSGOlP-WNR3fZ4YZA,34.09083207,-118.2779915,Joseon,36,4.3,"Korean, Bars",$$$
LJEsTC6Juzr0lL-hla7nVw,34.08865,-118.34291,Mr. T,123,4.5,French,$$$
CcqraT0cuGKYEcZ1ri_kxg,34.042734,-118.250779,BROKEN MOUTH | Lee's Homestyle,1865,4.8,"Hawaiian, Korean, Comfort Food",$$
kJfcJG9rVjSTNaxEZI5u_Q,34.054003,-118.320326,Butnal,37,4.6,Korean,
_hHzOXG4SRkBIND2LZf4aQ,34.09956,-118.32916,3rd Base LA,463,3.8,"Sports Bars, Lounges, American",$$
Upxdio_qS0j-lSnN4EmvjQ,34.08335711,-118.2866445,Budonoki,84,4.6,"Izakaya, Sushi Bars, Beer Bar",
AIhWsp8yNfKZfaX9d9Yajg,34.0476,-118.317234,Pasta Sisters,2027,4.4,"Delis, Italian, Sandwiches",$$
1ZEUvoDlg7ixlwwlK2a3mQ,34.049642,-118.309526,Ha Sun Saeng - Master Ha,582,4.4,"Korean, Live/Raw Food, Seafood",$$
rr-hXB0ZqXLzUP97yftp0g,34.08335868,-118.3247249,Osteria Mamma,1946,4,"Italian, Wine Bars",$$
xDIX5kboLJPUz6rDENbeCA,34.08446,-118.30949,Etra,63,4.3,Italian,
BgA3NZc1CuymyggAHNWozA,34.0984,-118.302811,Los Pollos Hermanos,1,5,"Food Delivery Services, Chicken Wings, Sandwiches",
gd6PYDx-leOM97a3MWoO1g,34.05002828,-118.248528,Maccheroni Republic,4085,4.4,"Italian, Wine Bars",$$
kdTFcDSl9vAR-btEm1Q2uw,34.07577,-118.36982,Bao Dim Sum House,3586,4,"Dim Sum, Bars, Tapas/Small Plates",$$
RJi83-A92s-KqFutK9sVdQ,34.08367939,-118.3239579,Tonchin LA,323,4.3,"Ramen, Cocktail Bars",$$
lRScnMRd-FBlT5QQyrUEUQ,34.046459,-118.238403,PASTA e PASTA by Allegro,1394,4.4,"Italian, Japanese",$$
UaxSpacBpGQrXv9Cytai2A,34.063763,-118.296482,Woo Hyang Woo,1122,4.6,"Korean, Barbeque, Bars",$$$
VjCMQkJviJquiJQEawPWfw,34.083612,-118.33985,Meteora,390,4,New American,$$$$
#NAME?,34.1037812,-118.2872479,La Pergoletta,1364,4.3,Italian,$$
S3z6erO2TeljEc-dTPqc9Q,34.141468,-118.388418,Firefly,3286,3.9,"New American, Lounges, Cocktail Bars",$$$
1GKQG1iVYYiatHFhV7GDpQ,34.063182,-118.298594,Juliana Los Angeles,193,4.3,"Breakfast & Brunch, Lounges, Tapas/Small Plates",
9X4Ie-oy8DbweZYjojt1ig,34.057516,-118.304501,Jinsol Gukbap 8th,77,4.6,Korean,$$
eMCp5br4J_4at3jIX2ljrg,34.101,-118.32968,Hui Tou Xiang,332,4.3,"Chinese, Noodles",$$
GKQApReu8U9hip4A2ApJ_A,34.08333668,-118.3139372,Osteria La Buca,2293,4.1,"Italian, Pizza, Cocktail Bars",$$
nkTDDiUVcNUzt1dPT76blw,34.097844,-118.319237,Linden,41,4.4,New American,
labimxMfErB-poVmmw9n4g,34.09562,-118.29534,Saffy's,523,4.2,"Middle Eastern, Cocktail Bars",$$$
sXdOBghhw-ZU9S-1HxVZVA,34.09031982,-118.2775804,Bacari Silverlake,2741,4.6,"Breakfast & Brunch, New American, Pizza",
6QeZEUhFk1_vZhWvktKnmA,34.09469,-118.33826,Fat Sal's Deli - Hollywood,2704,3.9,"Sandwiches, Burgers",$$
fEY0zHaDMfIW3-N__joDKQ,34.0336632,-118.2292446,Bestia,7708,4.3,"Italian, Cocktail Bars, Pizza",$$$
1YedTUOBgR5XmJ1BMlv70Q,34.09036255,-118.3734894,La Boh√®me,3497,4.4,"Bars, New American, Venues & Event Spaces",$$$
fCfkMf27m2PcTWXLTrLM7Q,34.08334296,-118.3463794,Fratelli Cafe,2556,4.3,"Coffee & Tea, Breakfast & Brunch, Sandwiches",$$
NQqA1cjS0rHn_96VwtnhMg,34.07603,-118.32399,Good Goose Cafe,250,4.8,"Asian Fusion, Thai, Vegetarian",$$
PI1TAMjFy1wO9OCiA-VWBA,34.04484,-118.26453,Fixins Soul Kitchen - Los Angeles,2001,4.4,"Soul Food, Comfort Food, American",$$
y4X0KfHJ5XWwxMIRukVr1Q,34.06229367,-118.2975762,CHD MANDU LA,304,4.6,Korean,$$
H57RMyO6BWWh-lJZAsZGVA,34.09761883,-118.3328153,Superba Food + Bread,442,4.4,"New American, Breakfast & Brunch, Bakeries",
IromOzFDU7jttAWgXDeKRQ,34.057005,-118.345578,Irv's Burgers,329,4.3,"Burgers, Sandwiches, American",$$
bOvnQYw5JJDhpOn70_RUkQ,34.083653,-118.3419599,OUI MELROSE,422,4.4,"Sandwiches, New American, Mediterranean",$$
8LdFAPdaWMg9sVRgmRv0NQ,34.09960998,-118.3313501,Mama's Rooftop,833,3.5,"New American, Cocktail Bars, Wine Bars",$$
OHtTq36D830iydOy8m3J0A,34.069617,-118.403712,The Hideaway,499,3.9,"Steakhouses, Mexican, Cocktail Bars",$$$$
_d3dOIo2dKrBhy4Bmq7stA,34.089695,-118.344703,Lan Noodle,131,4.5,"Noodles, Chinese",$$
BAdOTHAvXneDDu4Maqk67g,34.05916424,-118.308797,Sun Nong Dan,1260,4.4,"Soup, Korean",$$
-gZdC8aD42jiBeaAQH1-1g,34.09787,-118.30203,Lolo,125,4.1,"Wine Bars, New American",
bc7Ji4IyEyOZVNJGs1-Bkw,34.044795,-118.265289,Craft by Smoke & Fire - LA Live,276,4.4,"Comfort Food, Barbeque, New American",$$
dlwxg5OJLJWTPp-saTgDwA,34.083809,-118.352811,Ubuntu,98,4.4,"Vegan, African",
uzAbw27XQTXTivjgf2bN2w,34.06546313,-118.3096168,Han Bat Sul Lung Tang,2831,4.4,"Korean, Soup",$$
r9IgF_MfQueIPq_o0HB2Mw,34.063811,-118.29736,Origin Korean BBQ,158,4.7,"Korean, Barbeque",$$$
JqAjeYMIRTkMpsvsZpqscw,34.09861755,-118.3291245,Grandmaster Recorders,319,4.1,"Lounges, Italian, Cocktail Bars",
pkt6c5JNnFFzZFWJUqvTLg,34.062795,-118.351899,Mom Please,41,4.5,"Sandwiches, Breakfast & Brunch, Coffee & Tea",
Xcl1eK5jHzx6x7wOKRWWDg,34.06186,-118.30848,Gangnam Station Korean BBQ,1998,4.4,"Korean, Barbeque, Buffets",$$
0MbnNM2IvNWMQ1YsPfDTjQ,34.0921328,-118.3805803,"The Butcher, The Baker, The Cappuccino Maker",2923,4,New American,$$
8SO_kWUmfX-rFZPEA6t09Q,34.10146406,-118.3283488,MainR≈ç,322,3.5,Supper Clubs,$$$$
ggSWm7VIo3pKxHFv7Qxoiw,34.064012,-118.300574,Chuncheon Dakgalbi Donghae Makguksu 2,70,4.2,Korean,
fxeuGYnoRWwm5aGDg1FRJA,34.0499476,-118.2400446,Marugame Monzo,4706,4.4,"Japanese, Noodles, Asian Fusion",$$
2t-FTIdnJC1gDjpims7oMQ,34.02479918,-118.2778566,El Huero,1308,3.8,"Mexican, Food Stands",$$
23Qrcz2i9e2e8MstUIIO0A,34.0621807,-118.348153,Yuko Kitchen Miracle Mile,1935,4.3,Japanese,$$
8lzAX-Uc4o7dwaXnulAFIQ,34.06365,-118.30844,Liu's Cafe,192,4.5,"Cafes, Chinese, Bakeries",$$
ld3O8sfn0-z-JKBJdofz2g,34.101802,-118.335394,Musso & Frank Grill,2335,4.2,"Steakhouses, American, Bars",$$$
pLP4joJ99UpIQpNh6kxZFw,34.04019,-118.233569,Girl & The Goat,1753,4.4,New American,
fLs0ykxe4Iw1_3htMWqcTQ,34.10220291,-118.2916403,Mirate,582,4.2,"Mexican, Cocktail Bars, Venues & Event Spaces",
Gcu1t8hJv9D_CKDhO4-rSw,34.03265,-118.36452,Open Face Food Shop,149,4.8,"Sandwiches, Scandinavian, Burgers",$$
WJzD72vgqjH7BHE0UF6N4g,34.10453973,-118.2871123,Tu Madre - Los Feliz,309,4.2,"Tacos, Cocktail Bars",
DJek3FUewBzMc0gS-Gms9w,34.12384,-118.26868,Morrison Atwater Village,7759,4.7,"Gastropubs, Burgers, Salad",$$
LVjdy81Zd6RXxVRB_-G0pg,34.07554696,-118.2552598,KushiBa,3,4.3,"Bars, Izakaya",
ztNZZHKmJOyVXM32WiyXcQ,34.08126,-118.38266,Zinqu√©,1045,3.8,"French, Wine Bars, Breakfast & Brunch",$$
TkFEKhsCixPWlShULKvMdQ,34.047056,-118.256544,Bottega Louie,18755,4.1,"Italian, Desserts, Breakfast & Brunch",$$
P2-J1zY5rKOUsOQ8KryuZQ,34.12521456,-118.2905673,Wolvesmouth at the Wolvesden,176,4.8,Pop-Up Restaurants,$$$$
bXfIgNNhPrfuvtQhCy7KMQ,34.0908449,-118.34645,Jones,1265,4,"Italian, Pizza, Cocktail Bars",$$
fntgJytgOwc_QKEWY1WW9Q,34.08737,-118.342611,Gigi's,129,3.8,French,
0fljf5R-y6gmsiLKnxiGXg,34.08290519,-118.376854,Norma,58,4.3,"New American, Seafood, Cocktail Bars",
7e9oi3zq_6pP_LU9YPEXLg,34.0891889,-118.3329546,Rao's Hollywood,713,4.3,Italian,$$$
zHJgydeeE0ciaMeGwu-HmA,34.06362763,-118.3993802,Matu,473,4.4,"Steakhouses, Cocktail Bars",$$$$
uMY7uC9m7HxRNAZGkjtdbA,34.098236,-118.346585,Bossa Nova Brazilian Cuisine,3704,3.7,"Brazilian, Pizza, Sandwiches",$$
wo3wnj3pMSOPkzqpvbey-g,34.04151,-118.23261,Bavel,2494,4.4,Middle Eastern,$$$
PLfZ1ACQRAC1bgOTzS5rBA,34.091274,-118.36317,Tu Madre - West Hollywood,1011,4.1,"Mexican, Breakfast & Brunch, Cocktail Bars",$$
jjy2b_GQQmnfFKqK3mnaQQ,34.02420981,-118.3818991,Vespertine,306,4.4,New American,$$$$
OsLpB7cWHwsNyiH8-gedoA,34.10196,-118.30475,Hollywood Thai,697,3.8,Thai,$$
7O1ORGY36A-2aIENyaJWPg,34.061373,-118.239423,Howlin' Ray's,7675,4.7,"Southern, Chicken Shop, American",$$
ALF79fQM2QhMfsBhwPATng,34.09100091,-118.3631456,Employees Only,468,4.1,"Cocktail Bars, New American, Lounges",$$$
_n0fEUZdbkLOimHz_IXkiQ,34.04819,-118.25829,JOEY DTLA,3035,4.3,"Sushi Bars, Steakhouses, Wine Bars",
KtqvTE5p8TmFCIrBOIQJsg,34.0472832,-118.2348222,Baroo,66,4.8,"Korean, Bars",$$$$
LNb-ElJwKIXS6Lx5xdRB1Q,34.072969,-118.374972,Toca Madera - Los Angeles,3257,3.8,"Cocktail Bars, Mexican, Steakhouses",$$$
-5TFq3V--bffJGW000YuGQ,34.01741823,-118.2784318,Holbox,1145,4.8,"Latin American, Seafood, Mexican",$$
jQyPDZRaSWyru3ToNM6VEQ,34.08111088,-118.2704601,Pijja Palace,645,4.1,"Sports Bars, American, Indian",$$$
jwCo4mgxtxf0hlyz6fNlzQ,34.08172,-118.38582,Soulmate,505,4,"Cocktail Bars, Seafood, Italian",$$$
RpljDiS3TghWGL4ZezUxGw,34.06153666,-118.3037314,Seoul Salon Restaurant & Bar,245,4.4,"Korean, Cocktail Bars, Pubs",$$
JxoefRA7EHdhB8HkCVrlMA,34.08217,-118.30929,Abuelita's Birria & Mexican Food,108,4.1,Mexican,
_S7e8_ckHrHcJpG0qO0AjQ,34.076418,-118.349103,PZK BBQ,249,4.7,"Barbeque, Korean",
13HnJPfmKw_Uu-sbPiF1wQ,34.032278,-118.364408,Farmhouse Kitchen Thai Cuisine,431,4.4,"Wine Bars, Thai, Cocktail Bars",
wqYaVXayRRq2rLsOA_eeVw,34.0574367,-118.2858811,Calic Bagel,230,4.5,"Bagels, Breakfast & Brunch, Coffee & Tea",
_DiPHeKsR9Pzk-lrAiwv-Q,34.09044,-118.36967,Pura Vita,946,4.6,"Italian, Vegan, Wine Bars",$$
64BprBYS6h9yliVX_rXlxg,34.04645516,-118.2571682,Joyce,243,4.4,"Southern, New American, Seafood",
#NAME?,34.06151276,-118.3051741,Cooking Mom,36,4.8,"Korean, Specialty Food, Soup",$$
HdUJltMQkcJAeQPk8kVuWw,34.06205322,-118.2976354,Bacchus Tables,84,4.8,"Korean, Pubs, Asian Fusion",$$$
TzIJzamxdVGc3zReKbLGaA,34.083628,-118.330168,Providence,2966,4.4,"New American, Seafood",$$$$
QHqdoF0ZvI-RXFIJwE5vLw,34.09038934,-118.3259913,The Kluckin Chicken,524,4.5,Chicken Shop,$$
GbAZbcCR969hfa4kCQqRcw,34.09087,-118.3323,Eat This Cafe,2239,4.2,"Breakfast & Brunch, Sandwiches, Cocktail Bars",$$
X9hrLXF2lqbiA58jExIO2Q,34.06020287,-118.2910965,LEE GA,235,4.5,"Korean, Soup, Noodles",$$
IxuAHGu-eQ4fZJZTdzGTYQ,34.04798375,-118.3264731,Gus's World Famous Fried Chicken,1747,4.2,"Southern, Chicken Shop, Comfort Food",$$
D6_mb0MZdAVvfmwYOFHK-A,34.088527,-118.361878,Ysabel,1693,3.8,"New American, Cocktail Bars, Wine Bars",$$$
SHQDM19o0G9fzSxUZRhUPA,34.075386,-118.323919,La Bettola Di Terroni,46,3,Italian,$$$
7qZBxWisbeVI34gIeNpP1A,34.10114,-118.318459,Palms Thai Restaurant,3105,3.9,"Seafood, Thai, Barbeque",$$
7By_rryuWeuhx9IDFB1rTw,34.07619,-118.25656,Donna's,199,4.3,Italian,$$$
sSV61EagITx8Nnp2oa9-Mw,34.052923,-118.30396,hibi.,108,4.7,"Japanese, Korean",$$$$
CyIhScKPMj7eI1m1ughgZA,34.0308988,-118.3788894,Kreung Kitchen,19,5,"Cambodian, Pop-Up Restaurants, Barbeque",
71W-QN3-_DHnzUkAc7EG6Q,34.09942,-118.32934,Stout Burgers & Beers,2361,4,"Burgers, Gastropubs, American",$$
KmTL0xYVt4_gXcTKLjuxBw,34.067658,-118.343712,Kalamaki Greek LA,38,4.5,Greek,
zuf7xUNAlfVWtymHMcS6cQ,34.069315,-118.307092,LA Wangbal,58,4.5,"Korean, Soup",
#NAME?,34.084159,-118.338194,Petit Trois,1202,4,French,$$$
DrToq9357afdpOyO5w0Y5w,34.064009,-118.3007621,Yup Dduk LA,2457,4.5,"Korean, Chicken Shop",$$
IO94U9tWIVuw93g2ahEyEQ,34.1023817,-118.2916178,Loupiotte Kitchen,370,4.5,"French, Wine Bars, Breakfast & Brunch",$$
MlmcOkwaNnxl3Zuk6HsPCQ,34.05758408,-118.3068679,Slurpin' Ramen Bar - LA,5735,4.4,"Ramen, Noodles, Desserts",$$
IdZlpB9Z9vCAXa_6AJHLEQ,34.08391,-118.35962,Ghost Sando Shop,356,4.7,"Sandwiches, Delis",$$
OjUQ0wmRdctqjfz-lErGBQ,34.063692,-118.364864,UOVO | Mid-Wilshire,443,4.3,"Italian, Noodles",$$$
KF0iy1GeuDYm_1EyyVD6ig,34.099896,-118.33034,TAO Asian Bistro,1768,4,"Asian Fusion, Lounges",$$$
kr9RZATtNwJznY9TaMexUA,34.101795,-118.3323928,Te'Kila,1236,3.9,"Bars, Mexican",$$
y2eWXL2qbTW8tXyrEsfEqQ,34.07172,-118.36485,Bacari W 3rd,1234,4.4,"New American, Breakfast & Brunch, Italian",$$
CQ0WCuH_XJXZkkvZXo8YfA,34.05282741,-118.2637628,The Liberties of Dublin,109,4.8,"Irish Pub, New American, Cocktail Bars",
m8REJEScsU1T2OlMH_mreQ,34.09564,-118.22806,Barra Santos,70,4.4,Portuguese,$$$
zIN25_41Avj-wmcv8KTx-A,34.057488,-118.303298,Pigya,357,4.4,"Korean, Barbeque",
gLn9MKqseb1leWZOWqD54g,34.06219101,-118.3207779,Mocha City,40,4.6,"Breakfast & Brunch, Cafes",$
#NAME?,34.07223539,-118.2746301,Tita Lina‚Äôs,66,4.9,Filipino,$$
AEv5LTvg1FbGTsnPv486_Q,34.0676057,-118.3976687,Spago Beverly Hills,2505,4.1,"New American, Bars, Italian",$$$$
DzHXv9A_L1ppO8GWLhTT3A,34.08376442,-118.2737809,Azizam,10,5,"Persian/Iranian, Beer, Wine & Spirits, Caterers",
_a1mVQvn7Ucp7aKm7XaAig,34.040901,-118.259679,Habachihana Grill,440,3.9,"Steakhouses, Seafood, Teppanyaki",$$
3Pd3knaB6HW1-0TXXVyiuA,34.0825699,-118.37588,Rosaline,1154,3.9,"Peruvian, Cocktail Bars",$$$
qA9Dqezi-kqbIBtM3c07Ew,34.04608,-118.23489,Manuela,1870,4.2,"New American, Breakfast & Brunch, Bars",$$
6o9FPvkaCOhT1YuVfyCzPg,34.04624931,-118.261687,Baar Baar,234,4.4,Indian,
F2W1R7yIvSOqD1xH_F1cZA,34.08292,-118.27289,Wood,1108,3.9,"Pizza, Italian, Wine Bars",$$$
BQso2uqL2dqJJNBNzqWMJA,34.09114,-118.27948,Sant≈ç,108,4.5,"Japanese, Sushi Bars",
qCrSlf_TSVxITOYIBXGdJQ,34.092663,-118.344416,Cannabis Cafe,851,3.7,"Cannabis Dispensaries, Cafes",
eCfyO7laigVXu5VnaPcdmQ,34.06215,-118.30098,Openaire,1639,3.7,"New American, Breakfast & Brunch",$$$
gjPZZzmkVANey4vGFYmC7A,34.0471743,-118.2561652,Little Sister,1931,3.9,Vietnamese,$$
j31RdZbL5R647hA17RQY_Q,34.04543955,-118.2359292,Taberu,228,4.1,"Ramen, Izakaya, Sushi Bars",
TJU7R25ASoWvXgPUUiUZFA,34.0910214,-118.3572208,Irie,30,4.7,"Cannabis Dispensaries, Cannabis Collective, Pizza",
U0-5DL9r3JJk6Vn7E2XK8A,34.095237,-118.295817,Found Oyster,364,4.4,Seafood,
ccRQxI1-Zw-fSrrLO4WxpA,28.566098,-81.372986,Maxtro's,25,4.8,"Comfort Food, Food Trucks",
s4bu_G4GYbKXZBaC7WwM7A,34.04225458,-118.2352966,Sampa,139,4.8,"Asian Fusion, Filipino, New American",
pa4CoCtGkDvovXXhtJRweg,34.06415,-118.399355,Chubby Curry,130,4.5,Japanese Curry,
kjJT0aclLYI291W0V1DKVg,34.04088199,-118.2622769,Pine & Crane DTLA,607,4.5,"Taiwanese, Coffee & Tea, Noodles",$$
AX-hRDB8zpIHKMix9VqB8g,34.057597,-118.2977468,H Cafe,1249,4.2,"Breakfast & Brunch, New American, Juice Bars & Smoothies",$$
HU8Rm8btkG_TQ8jLAdUB-A,34.10145544,-118.32619,RDEN Bar & Restaurant,88,4.5,"Sushi Bars, Cocktail Bars, New American",
bjbZOrwistgH718oi4TG7g,34.02835699,-118.387236,Prima Donna,54,4.3,"Bars, Pasta Shops, Pizza",
4Zx7Lw4U6F0sXrV4aiIyqQ,34.0690575,-118.226105,Majordomo,1432,4.2,"New American, Asian Fusion, Korean",$$$
ubAiG5pgaQazJpoFHfViMg,34.10538345,-118.3189041,Birds,1043,3.8,"New American, Bars, Breakfast & Brunch",$$
jS8MhTJpHmGYuxcKonGG-A,34.1002441,-118.2906102,Kismet,645,3.8,"Mediterranean, New American, Middle Eastern",$$
1QFsgA90ajE4g2oil9Pekg,34.0688282,-118.2988161,Goobne Chicken,2,5,"Chicken Wings, Chicken Shop, Korean",
ul2dT8QzauKP5Yc-q_DZ_g,34.09979,-118.29021,HomeState,1409,4.3,"Tex-Mex, Breakfast & Brunch, Tacos",$$
jcUgGKhk1NbzNBED6e_tPg,34.05083047,-118.241825,Azay,335,4.6,"Japanese, French",$$
iBAScvqX3xilR9IshyyiMA,34.04122379,-118.2651709,Yakitana,18,3.8,"Japanese, Food Trucks",
zBislTa0HO756Q-G_1pTwg,34.06333419,-118.2939712,Chi Chi,148,4.2,"Korean, Bars",
HT4YTaRDyfGliUQb303kVA,34.06207412,-118.345557,Caribbean Soul Kitchen La,135,4.7,"Caribbean, Empanadas, Seafood",$$
KLUryRjCkaiYgGD1BxAPtA,34.10546427,-118.323704,Clark Street Diner,238,4.1,Diners,$$
OVYbBxiA-MFNE3wSKlSlgg,34.072075,-118.36748,The Little Door,2651,4.1,"French, Mediterranean, Modern European",$$$
gAMhVggfelvAxE40Bg-ywQ,34.07266,-118.25174,OTOTO,149,4.1,"Bars, Japanese",$$
Gler-blXeDRz6YnNnrEd5g,34.06147698,-118.239483,Lasita,198,4.5,"Filipino, Wine Bars, New American",$$
rYPQv2bCk2orpbHCBfY5Uw,34.03281109,-118.3329371,Johnny's,555,4,"American, Bars, Desserts",$$
6uCcRqFET5kCO41lg-jDgg,34.06617,-118.39872,The Honor Bar,1906,4.3,"Bars, Sandwiches, Burgers",$$
ZKltkN5lOxH1tLeVAO2b6A,34.02464249,-118.3813236,Destroyer,835,4.1,New American,$$
ISl4TG4ski6eSdjJwh3zlg,34.090867,-118.392441,LAVO Los Angeles,464,3.8,Italian,$$$$
0IeIzElSBK1XJVqtzFvRlA,34.06635754,-118.3096243,Pixiu Mala Hongtang,156,4.3,"Chinese, Hot Pot, Korean",$$
ktUtN287fE34-4XZupuGSA,34.0723701,-118.3443655,The Sycamore Kitchen,985,4,"Cafes, Bakeries",$$
dNxZ53R6QUYOFtd2q0-S2Q,34.0837244,-118.3423348,Casablanca Moroccan kitchens,519,4.8,"Moroccan, Mediterranean, Halal",
98nL1641VKFPGBjCjVlaNA,34.041642,-118.251556,Anwar's Kitchen,315,4.6,"Mediterranean, Middle Eastern, Halal",$$
mkZq_pN9uMeBvOaDrgWDVQ,34.07402,-118.25153,Poltergeist,69,4.5,Pop-Up Restaurants,
_kMJy8xjFLhIxnAsEDOs_g,34.09655,-118.36964,The Naughty Pig,133,4.5,"Sports Bars, Venues & Event Spaces, American",$$
LY7ERi0y0OPzk-pNhFadDw,34.04611,-118.23427,Camphor,304,4.2,"French, Brasseries",$$$$
sPw1o5OYWE5C2JtbTXp5wg,34.0786401,-118.3613451,Jon & Vinny's Fairfax,2543,3.7,"Italian, Breakfast & Brunch, Pizza",$$
qCJ2LFfNbXYBIcjXNva1cA,34.05609,-118.27658,Langer's Delicatessen,4523,4.4,"Delis, Sandwiches",$$
2XiO4xWGuSl5Bz1LQMQHQw,34.097813,-118.318449,The Sisters Cafe Vietnamese Asian Fusions,446,4.6,"Vietnamese, Asian Fusion",$$
h9PSJ18gQ4kos8A0XAGlng,34.0839249,-118.3630799,Carlitos Gardel Argentine Steakhouse,1284,4.4,"Argentine, Steakhouses",$$$$
cAwkHVjhAJpsZOayXgUIHw,34.05744023,-118.3451571,Three Borders Brunch & Grill,701,4.8,"Breakfast & Brunch, New American, Latin American",$$
ZsSTsfkc9Zn62j6YPR6-rQ,34.089116,-118.361106,Flipper's,109,4.1,"Pancakes, Cocktail Bars, Coffee & Tea",$$
SjLsV7OlhmNzt4h68QW20g,34.09851635,-118.3453012,Egg Tuck,633,4.5,"Breakfast & Brunch, Coffee & Tea, Sandwiches",$$
VlecKklFAtY0auODaqQ3iQ,34.0170639,-118.2824448,Little Pan - Los Angeles,88,4.5,Dim Sum,$$
qeVao2v6sl3ZWZvHv3Fujw,34.10554106,-118.324965,For The Win,978,4.5,"Burgers, Sandwiches",$$
D68cNJlgMqDxX0xhkKuHXQ,34.02984483,-118.3841697,Lustig,43,4.3,"Austrian, Wine Bars, Whiskey Bars",
FSJrDmvmVUyyYDUR_atwsw,34.087078,-118.291398,Bridgetown Roti,97,4.4,"Caribbean, Comfort Food",
jVYU9iXvBMiC2A4H12Azfg,34.073416,-118.3819248,AOC,2549,3.9,"Cocktail Bars, New American, Tapas/Small Plates",$$$
TfJohKDyj1oLIULSyi00WQ,34.03231,-118.36092,Vicky's All Day,237,4.4,"Breakfast & Brunch, New American, Pizza",$$
ir1MtFyVFIxfMbDxXZ2WJA,34.07215271,-118.3437095,ZOZO at Maison Midi,21,4.7,"Cocktail Bars, Latin American, Wine Bars",
BMY_rFju6Lyg0g8Mj6atpQ,34.1199814,-118.32127,Beachwood Cafe,828,4.1,"New American, Breakfast & Brunch",$$
YBd9QqbFIWcDrHGB6qR_mw,34.04075,-118.26766,La Lo La Rooftop,87,3.5,"Tapas Bars, Tapas/Small Plates, Cocktail Bars",$$$
TWHGJkTAbF22hvXeReQp9w,34.06013289,-118.2910148,Kobawoo House,1494,4.3,"Korean, Soup, Seafood",$$
KDcTFp2P40ycRj12GKKcXg,34.0691249,-118.3072344,Rich Crab,194,4.4,"Korean, Seafood, Soup",$$$
dq2iOFVVdwYFzQJ629ICjg,34.04501146,-118.2649805,Sol Agave,705,4.3,New Mexican Cuisine,$$
90itAXJJDUg1nvaZ-WWtEA,34.092576,-118.379496,Saltie Girl,280,4,"Seafood, Cocktail Bars, Tapas/Small Plates",
279Moi0HR4_n3KBFENPjhw,34.08515,-118.37675,Di Di,212,3.6,Vietnamese,
OSYoTFAfq9_wFyDH_qUsTA,34.097727,-118.362275,The Griddle Cafe,6729,4.1,"Breakfast & Brunch, Coffee & Tea, Cocktail Bars",$$
NgQJZd8PSiFSPC0d90Cf7g,34.09037398,-118.3895846,Ardor,310,4.1,New American,$$$
UdpE_5k2c3zsGBFdcAjMGA,34.10200275,-118.3055049,Ruen Pair,2086,4,Thai,$$
CbW8U0QAwh5XRkaLt0xNZA,34.077585,-118.259599,Masa of Echo Park,4721,4.2,Pizza,$$
JRb7dujShIS-raj42T6-iw,34.09747,-118.28574,Mokupuni,1,5,"Hawaiian, Food Stands",
f_o-OpsOsLJgAKDMu2FmTA,34.08113,-118.38464,Drake's Hollywood,181,3.8,"Steakhouses, Pizza, Lounges",$$$
YoQn8MtOimQbqi839TmeZw,34.08319,-118.33881,Osteria Mozza,3323,3.9,"Italian, Wine Bars",$$$$
HCvxj0ONPGkzSi_FTS_Aug,34.03217,-118.35465,Chulita,38,4.4,"Mexican, Breakfast & Brunch, Cocktail Bars",
7JqbWRzd6z7EG8c4csI8cA,34.05738271,-118.3075563,Halgatteok,98,4,"Korean, Soup",$$
83oQyBcqUqSS0H5tF_KlTg,34.10239346,-118.3400505,JAPAN HOUSE Los Angeles,83,4.5,"Cultural Center, Art Museums, Pop-Up Restaurants",
JYGPEUZy4k5ObXGIjcD3DA,34.06383295,-118.3061257,Hae Jang Chon,5762,4.1,"Korean, Barbeque, Buffets",$$$
3C2wUqSkpY4-N0O5ArVjwQ,34.06404114,-118.288063,Yuk Dae Jang,768,4.4,"Korean, Comfort Food, Soup",$$
m_Mb47u9F_G8NR0Fmg6GRg,34.02513901,-118.2845999,CAVA,420,3.8,"Mediterranean, Salad",$$
U87EaXDc2rl1Ix5K8ijWug,34.07476,-118.30934,Jeonju Hyundaiok,112,4.5,Korean,$$
r6-usl4pPnuj9mlP-nEr_g,34.06918204,-118.3015013,Jinsol Gukbap La,561,4.5,"Korean, Soup, Barbeque",$$
0vRsHjV66oUDcszA8EWq0w,34.0833651,-118.3242882,Kali Restaurant,771,4.3,New American,$$$$
XrPVlXXa4cHLm7qKWFkfCg,34.051909,-118.3843212,A Food Affair,1564,4.5,French,$$$
PXYKRPkEcf4Mczfp_AfP0w,34.07352367,-118.2142019,Corn Man,1084,4.7,"Food Stands, Mexican",$
6RptZH8sx1vnQ_io_HrmeA,34.09476619,-118.3736147,Merois,266,4.2,"French, Japanese, Asian Fusion",$$$$
hOHWu75whwn2hSc2HvRc6w,34.08699304,-118.2757153,Night + Market Song,1287,3.8,"Thai, Wine Bars",$$
sfGM1J-gEWaS1QUTJ_4BzQ,34.10154753,-118.3131838,Bolt,543,4.3,"Coffee & Tea, Breakfast & Brunch, Burgers",$$
Dnn4_XmzQxOFNpnqh7KyWg,34.0637349,-118.2943728,Seong Buk Dong,1308,4.1,Korean,$$
JV-Q2G83MyhvnzurmR3mwQ,34.08436,-118.38545,Stache - West Hollywood,111,4.4,"New American, Cocktail Bars",$$
hIGEvpwFSaHUmyjf8O-TzQ,34.101624,-118.307997,Heng Heng Chicken Rice,166,4.5,"Chicken Shop, Thai, Smokehouse",$$
JFA49Hzbgw0E5FdQ3UFOew,34.06432628,-118.3086003,Love Hour,75,4.7,"Burgers, Food Stands, Bars",$$
Rd_IrRGjqsxsvaXoaTqcVw,34.09998926,-118.329377,Saint Felix,891,3.8,"New American, Cocktail Bars",$$
XY08Qkar-mZOL-5_lYBjFQ,34.10190924,-118.3103988,Sweet Jollof,9,4.3,"African, Food Delivery Services",
yUCA2hw9zve3hJAzLp1rHQ,34.071731,-118.401508,Funke,244,4,"Italian, Bars",$$$$
3_K8UCyMkLiDH4SwaLPylQ,34.0632138,-118.3759254,Blasteran,642,4.7,"New American, Breakfast & Brunch, Indonesian",$$$
eUkd8atkJe4fkKGcD5QZ1A,34.04780883,-118.2587074,HATCH,928,4.2,"Japanese, Bars, Tapas/Small Plates",$$
6b1Kud4nDwsqw1kILxI9ZQ,34.09779,-118.3183,ixlb DimSum Eats- Hollywood ,993,4.4,"Dim Sum, Hong Kong Style Cafe",$$
pClhVhnEoq1jhT9qKVQNlg,34.03495,-118.28434,Tacos La Patrona,3,5,Tacos,
BZcPwijPRqY7tynRzt2UTA,34.07381349,-118.3774918,Eggslut,516,3.7,"Breakfast & Brunch, Sandwiches",$$
INEbr7OmgiqlMWq5Cta8WA,34.06334334,-118.3039401,Ahgassi Gopchang,2360,4.3,"Korean, Barbeque",$$$
JxSNu4tMyiRe6WK7YW9GAg,34.03266,-118.35751,MIAN | ÊªãÂë≥Â∞èÈù¢,438,4.1,"Chinese, Noodles",$$
pAWfcO6e2ae2pIkJXWO-yA,34.09856606,-118.3221971,Roscoe's House of Chicken & Waffles - Hollywood,4511,3.8,"Soul Food, Waffles, Chicken Wings",$$
Cln5nzmk0idvBbcXorWboQ,34.09821527,-118.3330906,Iki Ramen,167,4.8,"Ramen, Sushi Bars",
QRp8xguSU7XeXH72LDnRFw,34.05271,-118.37648,Versailles,1656,3.9,"Cuban, Sandwiches, Caribbean",$$
NxcF38OxJN9Iq6g6xoOAnQ,34.0637,-118.30822,Here's Looking At You,600,4,"New American, Cocktail Bars",$$$
DtfL4UVcrl25HbE4AsKMng,34.0551603,-118.3083861,Chung Choon Kitchen,5,4.2,"Italian, Korean",
Nb6Qle4iE3eQsUe_rAR6EQ,34.06153,-118.31303,Assa Dakbal,31,5,"Korean, Bars",
us0WnDOySVXXXwCqs0AaCw,34.083336,-118.273231,Izakaya Osen - Los Angeles,1865,4.3,"Sushi Bars, Izakaya, Seafood",$$$
5LU6aNLDG10imXu3btmlcw,34.08227838,-118.309317,Annie's Soul Delicious,775,4.2,"Soul Food, Southern",$$
G_V5eJFfYlTEERyIPR-8MQ,34.054358,-118.251339,Otium,2528,4,New American,$$$
eoOJbi94rj9277dG7WIv0A,34.1030834,-118.2871882,Home Restaurant - Los Feliz,3872,4.1,"Breakfast & Brunch, Coffee & Tea, New American",$$
MVb6FXT4c2onkGKFyBBCkg,34.090946,-118.370144,Arden Restaurant,342,3.7,"Cocktail Bars, Cafes",$$$
zGE2iCUc3r-UmhVFyyd88w,34.08404,-118.28701,Voodoo Vin,39,4.3,"Wine Bars, Persian/Iranian, Comfort Food",
S3CWNRdNqsIe62yvCEPfdw,34.102806,-118.309047,Cara Restaurant,545,3.9,New American,$$$
UTBAwLDlZVFNHz44e0DLRg,34.07657,-118.31101,Antico Nuovo,263,4,Italian,$$$
cD57FLQ-v-brcFOLZ0X0cQ,34.0957147,-118.2926398,LA Rose Cafe,1219,4.2,Filipino,$$
fDYbMJqg7WZ4wek2QN3t1w,34.08093,-118.36162,ADKT LA,91,4,"French, Asian Fusion",$$$$
rdAPZ90nOQE9hmepb871uQ,34.07721885,-118.3810829,Amour,74,4.3,"French, Cocktail Bars, Tapas/Small Plates",
TsVu9GJQwuFBZVP_sg2k7A,34.06402022,-118.2976871,Quarters Korean BBQ,3742,4.1,"Korean, Barbeque, Tapas Bars",$$$
Ano2tuyUPKS6iEWwmesisA,34.06189,-118.36137,Meyers Manx Cafe,121,4.6,"New American, Coffee & Tea, Breakfast & Brunch",$$
0cT3NCSOMeYolQqPc1eJcA,34.06675028,-118.2490526,Tal's Off Sunset,281,4.4,"New American, Cocktail Bars, Seafood",$$$
pAzK1QMM0SOnNZAvl1epzg,34.1018751,-118.3102082,Levant Mediterranean Restaurant & Catering,126,4.4,"Mediterranean, Caterers",$$
7mDnGste6X27GytIvnOkog,34.05004269,-118.2604075,Niku X,369,4.3,"Japanese, Steakhouses, Bars",$$$$
EWbbiUBkGzCYrEoOF05HzA,34.08079511,-118.386972,Gracias Madre - West Hollywood,5110,4,"Mexican, Vegan, Breakfast & Brunch",$$
KAG0aFy962JY38UeWI8pWQ,34.04665,-118.25616,H&H Brazilian Steakhouse Downtown LA,1052,4.4,"Brazilian, Venues & Event Spaces, Halal",
kgA43j16Mh-UEAEP8Y_tTw,34.0580878,-118.2937735,Rice Chicken,103,4.8,Chicken Shop,$$
FPBsEp6Ecp_JE7KD5NsDeA,34.11055,-118.28726,Cafe Los Feliz,1473,4.2,"Coffee & Tea, Sandwiches, Breakfast & Brunch",$$
E4W2T89vm4hmBwk39EoUuw,34.08363329,-118.3446621,Tatsu Ramen,4179,4,Ramen,$$
Gm0rzA9EQD4GgSP9TimLPQ,34.071839,-118.388383,Il Cielo,1681,4,"Italian, Venues & Event Spaces, Lounges",$$$
J7XaREYBkIiRlK2rnHNDXQ,34.0460329,-118.2355267,Prince Street Pizza,879,4.3,Pizza,
sw6oI8DqMt1tAhE-1aecdQ,34.10195,-118.3085,Kingdom Dim Sum,117,4.3,"Dim Sum, Cantonese, Hong Kong Style Cafe",$$
SRbi5518kE2bAmWndx90BA,34.11264469,-118.3383541,The Wine Bar,77,4.3,"Wine Bars, New American, Venues & Event Spaces",$$
pZc2xT8wE0MR9xuhDuNuPg,34.057521,-118.305825,Borit Gogae,212,4.3,Korean,
tW4eYiMzeWtcJS7kLHL54g,34.0721669,-118.360551,Pampas Grill,1377,4.1,Brazilian,$$
CXd07gyC_vGU0qh02UwBHA,34.08140117,-118.3867275,Ladyhawk,88,4.2,"Bars, Mediterranean",
b4SH4SbQUJfXxh6hNkF0wg,34.05074088,-118.2485842,Eggslut,6414,4.1,"Breakfast & Brunch, Sandwiches",$$
I6f8CpgqlaqWL6ThaPTd2A,34.10138,-118.33672,Mr. Tempo Cantina,314,3.7,"Mexican, Cocktail Bars, Breakfast & Brunch",
X9KlLFQGSgC0A-q-p1Hu6Q,34.061302,-118.299755,Egg Tuck,1011,4.3,"Breakfast & Brunch, Coffee & Tea, Sandwiches",$$
I-LjH718g4s4NYFQr1VKBQ,34.105491,-118.318344,La Poubelle Bistro,596,3.4,"French, Brasseries, Cocktail Bars",$$$$
nqYbRGPmYA0X_sjSBtXpgw,34.102633,-118.292253,Sidewalk Grill,1207,4.3,"Mediterranean, Wraps, Kebab",$$
JZ7Co0icWfR_g6wZ454j8w,34.11115,-118.28727,Seabirds Kitchen - Los Feliz,205,4.7,"Vegan, Gluten-Free, Tapas/Small Plates",$$
eM9i1sVyWX44A7Vns8362w,34.07836,-118.37619,Kochi,341,4.4,"Japanese, Noodles, Soup",$$
jATNfIC4EfHgN0GQEc7c2A,34.092437,-118.338266,Sumac Mediterranean Cuisine,249,4.4,"Mediterranean, Wraps, Salad",$$
2BqQ9XjVBQVfMwQPQrmteg,34.051114,-118.277968,Yongdudong Dokkaebi,18,4.8,"Korean, Seafood",
f7CNAoEfYBuqaV7HsWcEjg,34.051369,-118.344813,Spicy Sugar Thai - MidCity,113,4.7,"Thai, Vegan, Vegetarian",$$
WwC3_ApPhjTbv2YT5pH2oA,34.07364241,-118.3767745,Yardbird,1544,4.2,"Southern, New American, Cocktail Bars",$$$
UZYUb8E_FKloJW1akvTpqg,34.083469,-118.3510004,Melrose Station,135,4,"Speakeasies, Cocktail Bars, Tapas/Small Plates",$$
aOvUcX4sZEm8BYDkp_561w,34.098417,-118.310742,Chris N‚Ä?Eddy‚Äôs,486,4.5,Burgers,$$
OV0dGThU7E0ZevFSuSbqZQ,34.06874,-118.26383,Sisig,130,4.4,"Filipino, Barbeque",$$
B1mGBAiuDg7ZH71O0ba6ZQ,34.06312,-118.36526,Alchemist Restaurant,135,4.3,"Mediterranean, Breakfast & Brunch, Coffee & Tea",
sgqhqcRGuioPSNCVKA-PZg,34.0741838,-118.2793993,Woon,435,4.3,"Chinese, Asian Fusion",$$
sZg2ou5I4lsaGwlpEGoiVA,34.080997,-118.387258,Great White Melrose,194,4.1,"Salad, Breakfast & Brunch, Tacos",
zescAlXv7_bcqcxi38ZeHw,34.08370923,-118.3094905,Kuya Lord,248,4.3,"Barbeque, Filipino, Noodles",$$
WkM87Xr2NIECZU_KXKCm8Q,34.08056,-118.38652,Craig's,1284,3.9,"New American, Cocktail Bars, Steakhouses",$$$
30jrTz8vh1xSXdtXMvt-mA,34.0498186,-118.3596124,My Two Cents,940,4.5,"Southern, Seafood, Soul Food",$$
DNYoYoaDFxOMc_siRy3W0Q,34.09641,-118.31076,Phenakite,22,4.4,Diners,$$$$
Lqmd-E8G7qOlrki2V_QyIw,34.09846,-118.32197,Sunset Rooftop,214,3.7,"Hookah Bars, Cocktail Bars, Mediterranean",$$
Lop79P2KM9zFUCCaBYz6zA,34.0906351,-118.307928,Tlayuda L.A. Restaurant,885,4.6,Mexican,$$
z_ampU6A19D9ujGQs-X8aQ,34.1012578,-118.341766,The Lobby,6,4.2,"Lounges, New American",
Fb3WueRF1ekhs72psinq5w,34.0833651,-118.3262166,Mario's Peruvian & Seafood,2651,4,"Seafood, Peruvian",$$
HBjWB06zDqg17sqLmErGsg,34.08968353,-118.2950287,SharksTeeth,50,4.7,"New American, Seafood, Supper Clubs",$$$$
uteG6HIb4an-y5fFCXWo7w,34.08366,-118.34327,Anarkali Indian Restaurant,4478,4.4,Indian,$$
8vVy0AFOkusY8sKMT_KP9w,34.08394517,-118.363314,Chicago Stuffed Pizza,356,4.6,Pizza,$$
VndWkH3-0P1c23BZiuuAbg,34.039352,-118.258888,Cara Cara,604,3.9,"New American, Cocktail Bars",
1Q7l7FJaOGbjZPS5QLfnEA,34.07633,-118.34532,Amarone Kitchen and Bar,57,4.8,Italian,
ZRTzxkpr5hJGR023LtCZ3Q,33.9747532,-118.3573121,Two Homm√©s,236,4.7,"African, New American, Soul Food",$$
tqjJYK3KyBjHRDsMT9kCpw,34.101511,-118.2930631,Oi Asian Fusion,661,4.6,"Filipino, Asian Fusion, Burgers",$$
GPGSBlT_Qivav8vH_d2yOg,34.05901798,-118.4188692,Din Tai Fung,2759,4.2,"Taiwanese, Desserts, Noodles",$$
1XR2J2k4xWW72I_y-aQTRQ,34.09505,-118.37209,Terrace Restaurant,3,3.3,Restaurants,
H-59njjlarE5GFpR5NdyGg,34.033941,-118.229608,Yangban,346,3.8,"Korean, New American",$$
_OPkAM3mfW1ZTvyIaZLYxg,34.02461602,-118.3942209,Piccalilli,379,4.4,"Asian Fusion, New American, Cocktail Bars",$$
W-9NXJW2n_ASzmyPOEEGFg,33.97465398,-118.4298297,"Mom, Please Ukrainian Food",197,4.7,"Pizza, Ukrainian, Breakfast & Brunch",$$
wyeBlcQlwBb8K3L8dJ3ZnA,34.09928,-118.32357,Reunion Hollywood,3,5,"Bars, Italian",
jpMKMKAo5SwqSV1N1wh9Ww,34.04024,-118.32797,Spaccio Salumeria by Truffle Brothers,135,4.8,"Specialty Food, Italian",$$
GMyarj6vbMqr-sS2UG4KVw,34.045191,-118.249529,WAKE AND LATE,1393,4.3,"Coffee & Tea, Breakfast & Brunch, New American",$$
gKixYY0E8s3G24rRm1V9Uw,34.08365,-118.36293,Blue Daisy Melrose,112,4.3,"Breakfast & Brunch, New American, Creperies",$$
w5ox8cJYHzy7hDedGchk1w,34.05470246,-118.2913284,Kteam BBQ,10,5,Korean,
oZn4oaOKOI-HcUGecfG4Vw,34.0688094,-118.3988906,Mastro's Steakhouse,5030,4.2,"Steakhouses, Lounges",$$$$
e8yeADAtTGRyzkOLG5iKSg,34.060099,-118.238083,Little Jewel of New Orleans,1994,4.1,"Delis, Grocery, Cajun/Creole",$$
ayObtPXjSe0gALk8HVAxKg,34.09108,-118.28308,Bowery Bungalow,604,4.4,"Middle Eastern, Mediterranean",$$
YcTr0RDHTR1uLjfwL5mEkw,34.07799,-118.25937,Sticky Rice Echo Park,440,3.6,"Thai, Bars",$$
li-7BWzzZl9UtkqR7vvVlQ,34.0634026,-118.3612667,Fanny's,242,3.9,"Cocktail Bars, Coffee & Tea, American",$$
ewBzn3KF9B7Iw2sYirNM7A,34.04796665,-118.3467199,Island Boy Cafe,24,4.5,"Caribbean, Cafes",
3T3hzREOY8W6Vz04MfU_gw,34.071226,-118.400288,Nua,178,4.5,"Middle Eastern, Mediterranean, Cocktail Bars",
DYmSjWNUbU5tyo_gQ7PO5g,34.03221,-118.36072,Mizlala West Adams,732,4.4,Falafel,$$
sYXSgqcBUHtcACUkh3JuQA,34.10507,-118.2728548,Ceviche Project,144,4.4,"Latin American, Seafood, Bars",
BEItepse0gBSfkJ4sb_k-g,34.06843994,-118.3094633,Hae Ha Heng Thai Bistro,1586,4.3,Thai,$$
n--nWwEfxuhWUFeQn9DmSA,34.0577647,-118.2483375,Abernethy's,123,3.7,"New American, Cocktail Bars, Soul Food",$$
WBP9xApA-nER3t5fKmm-NQ,34.1073,-118.28726,Nossa Caipirinha Bar,69,4.4,"Brazilian, Cocktail Bars",
jNh8NbmyDg7WrvLe1r8UFg,34.03960308,-118.3395239,N Soto,218,4.4,Japanese,
q8buTNBt3FU9vie0D5OOxA,34.083107,-118.338883,Pizzeria Mozza,4617,4,Pizza,$$
WJmzdY8wZh8bBx5vbE14oQ,34.09571657,-118.2844531,The Kitchen,1550,4.2,"New American, Breakfast & Brunch, American",$$
8MaRuBRfR80wN3civ6PpWQ,34.1088282,-118.2872851,All Time,527,3.9,"Coffee & Tea, Breakfast & Brunch, Cafes",$$
NlT-6hFP0_6hPo36AW2lIA,34.04068055,-118.2500804,Poppy + Rose,3296,4,"Breakfast & Brunch, New American, Comfort Food",$$
DLFXv3FwVjO3CEqwSpgdSw,34.07226634,-118.3573873,Alma Cocina de Mexico,580,3.8,Mexican,
6LbFJlg64bYEovI1ZEVCKA,34.08540707,-118.2870571,KinKan,97,4.4,"Japanese, Thai",$$$$
txR7opRpb_KJxtMIZCuBxA,34.101258,-118.295691,Calif Chicken Cafe,20,3.8,"Salad, Wraps, American",
w5EOeYOoxmbYWJ1sUVD94w,34.06143,-118.35405,Comfort Kitchen,35,4.6,"Farmers Market, Comfort Food",$$
_Lk0dfzdBAP2rE7SpvC9nQ,34.11238489,-118.3385325,The Backyard,35,3.6,"Belgian, Pizza",$$
wB9bJyxmmGRzNC-7LL9GmQ,34.0573502,-118.2481613,Founder's Room,1,5,American,
mcHP3IfI1b7bXJZKD6PLHA,34.102039,-118.299858,Angry Chickz,1167,4.7,"Southern, Comfort Food, Chicken Shop",$$
s1df__jNGzwJWT1C3FyzCQ,34.010198,-118.2779186,Jk Fish Market,1,5,Seafood,
uAko6TzMP9GXC9Xa1PPuGA,34.0637,-118.29854,MUN Korean Steakhouse,538,4.4,"Bars, Korean, Steakhouses",$$$
ru7TAEo7lkbxMmkbFRGFMw,34.04767061,-118.3228359,La Cevicheria,1008,4.3,"Seafood, Latin American",$$
phMPgmi6-yh3Qs_PRbTT1g,34.07130692,-118.3620586,Mercado,1363,4.2,"Mexican, Cocktail Bars",$$$
EzTDoLwiqy-cMZbIujA8FQ,34.11092,-118.28721,Little Dom's,1806,3.6,New American,$$
8W9bg0G93FLskZsKxgbutg,34.110622,-118.287668,Encanto Restaurant,193,4,"Mexican, Cocktail Bars, Latin American",
Zy_97O_dqTDQ06PlAkhwoA,34.10113127,-118.2438706,Loreto,130,4,Seafood,
7BZjZLN-YDmFb4Y3N-3aJw,34.0982549,-118.3028954,ShaBuShi,569,4.1,"Japanese, Sushi Bars, Hot Pot",$$
l6eEaR8LMTPjSG4aTpxUxg,34.08251,-118.27324,Bodega Park,249,4.6,"Sandwiches, New American, Cafes",$$
pl5_OLDDXMOdJneeTya48A,34.091112,-118.367826,LOVE,301,4.8,"Vegan, Vegetarian, Thai",$$
McoTPgG-j-K4Ad-K2myQqg,34.070235,-118.351717,ATTITUDE CAFE,311,4.6,"American, Breakfast & Brunch, Cocktail Bars",$$
lq1MXuvw45E9SfpQL-LMgw,34.09365877,-118.3772205,Tesse Restaurant,684,4,"French, Breakfast & Brunch, Cocktail Bars",$$$
9aj46PXO-qVVNfifEFK6Dw,34.067758,-118.398921,Dante Beverly Hills,123,4.1,"Cocktail Bars, Italian, Pizza",$$$
k7uDQ8CqreIA-Ez2v62-aQ,34.06193,-118.3107,Star Night,370,4.2,"Karaoke, Bars, Gastropubs",$$
T-9I7nKH2rBbNpq9uPwT8w,34.077355,-118.256758,The Lonely Oyster,245,4.2,"Cocktail Bars, Live/Raw Food, Seafood",$$$
yQVPKXmDIUb6yH3MM8Q3nQ,34.04681,-118.26348,Strada Eateria & Bar,685,4.7,"Tapas/Small Plates, Bars, New American",$$$
nlXMXx2MEiNKRrQBWWewHQ,34.05007,-118.24021,KAMINARI Gyoza Bar,135,4.7,Japanese,$$
Hd6wCJbQz81UdD_EyOumPA,34.1464566,-118.2533512,Raffi's Place,6484,4.4,"Middle Eastern, Persian/Iranian, Armenian",$$
Xly2BWefsdcsN-8bbEcFQw,34.078148,-118.383683,Sal‚Äôs Place,15,5,"Italian, Pop-Up Restaurants",
09yem3Q4MAu8GbqMYACw_A,34.11604,-118.23591,Dunsmoor,276,4.4,American,$$$
CxdwVFNvzICpngoSj1mQpQ,34.100839,-118.3269,Float Hollywood,38,4.8,"Coffee & Tea, Desserts, Breakfast & Brunch",
6IJQg_88VaB30Bl-DbbTEQ,34.08347702,-118.3664856,Mauro Cafe,271,4.2,"Italian, Bars, Juice Bars & Smoothies",$$
fETqhZO6YjM1VTWCJpT8VA,34.0763248,-118.2567306,Lowboy,393,4,"Cocktail Bars, Burgers",$$
WXikaEhId91eh1EAo45Ddg,34.0666,-118.3087,TehranRo Grill,253,4.8,"Mediterranean, Persian/Iranian, Halal",$$
h3KzTYozazMtdhS8C1qBXg,34.07998,-118.25979,The Semi-Tropic,514,4.5,"Cocktail Bars, Salad, Sandwiches",$$
a6KnMTlYmsbW3LLS71ZYdA,34.06663481,-118.405221,Steak 48,543,4.4,"Steakhouses, Bars, Seafood",$$$$
xKNt9px8lSXTAUQDLwUfHw,34.04621925,-118.2172026,Pink & Boujee,169,4.3,"Tacos, Breakfast & Brunch, Cafes",$$
-9NXuo0g_NwOPfnKX3Vr_g,34.03528194,-118.2530662,DAMA,1216,4.4,"Latin American, Cocktail Bars, Wine Bars",$$$
PlQjtbZKOw7exAUfrswhNQ,34.06696,-118.30871,The Kimbap,830,4.4,Korean,$
qrjj7XeIx2XoFOomNVuT5w,34.0813832,-118.3835378,Catch LA,3821,3.5,"Sushi Bars, Seafood, Breakfast & Brunch",$$$
8TUWLXWgswfRfMBymL0WRg,34.0728,-118.37363,COD Restaurant,949,4.1,"Seafood, Chinese, Sushi Bars",$$$
a06PI6D0bF9agRDaOzafpw,34.06796,-118.3766,Kazan,372,4.1,"Noodles, Tapas/Small Plates, Ramen",$$$
LxCr7b3sOLnfDvpfZS7daQ,34.06229347,-118.2975159,Seoul Night by Chef Kang,99,4.3,"Gastropubs, Korean",
37gMBHZA9OVE_tckoSRC4Q,34.0296223,-118.2618698,Lindo Oaxaca,104,4.4,Mexican,$$
MT5NGtMpYjI-s4l8JqtJWw,34.04079,-118.29179,El Pollito Brasa,1,4,Peruvian,
oK3If9fgoMhmmHPpMwqolg,34.07441,-118.30931,W Brazilian Steakhouse,172,4.7,"Brazilian, Steakhouses, Barbeque",$$$
vNRmpcJzqBMK_piXswZZzg,34.07572,-118.25436,Quarter Sheets Pizza Club,266,4.6,"Pizza, Patisserie/Cake Shop",$$
-Z-Je-27YcpaLZTi76wYtg,34.05080769,-118.2786403,Jin Chinese Kitchen,35,4,Chinese,$
LUUZPyjyEPLb6Zdc1zx_aA,34.10092944,-118.3292743,Elbow Room,355,4.6,"Pizza, Sports Bars",$$
rp6ekJSY9iaCnnuPhyWedg,34.02429625,-118.3932909,Yunomi Handroll,92,4.5,"Japanese, Sushi Bars, Seafood",$$
NSo-x-9ieVLtqakrkSGIHg,34.060302,-118.344382,Chicas Tacos,666,3.9,"Mexican, Organic Stores, Vegetarian",$$
WN1DW7Kw4xXY_cJ3u_OG6Q,34.014507,-118.239112,Mi Venezuela,8,5,Venezuelan,
FEoSQJoNaLaDw8-uKnp4sw,34.04788,-118.24722,Suehiro DTLA,80,4.7,"Ramen, Vegan, Japanese Curry",
FvG80RRM9jYBK8T-NL_-sg,34.0951,-118.32645,Papi Tacos & Churros,373,4.4,"Desserts, Tacos, Halal",$$
fHyOrDt7o0OWW7D8kQksSQ,34.07663778,-118.2578257,Little Fish,43,3.6,"Fish & Chips, Seafood, Breakfast & Brunch",
qEldyliWxlU5wGgC3N9hqA,34.06213,-118.32329,Twist Cafe,4,2.5,"Cafes, Breakfast & Brunch",
CQuhF2uwJ0OZpXXoNoxcpQ,34.08363083,-118.3271735,Tacos Guelaguetza,127,4.8,"Tacos, Food Stands",$
CxtA0pFtSBG0ckxaiLMOqw,34.081035,-118.284614,B√©  √ô,237,4.6,"Vietnamese, Comfort Food, Sandwiches",$$
PX8INO1KIEn9kLGKQz8U-w,34.063757,-118.295838,Ham Ji Park,1709,4.2,"Korean, Barbeque",$$$
6iXUCuMp-GVzMcS9vrM5oA,34.06597183,-118.2359037,Steep,162,4.6,"Tea Rooms, Chinese, Cocktail Bars",$$
ifxw-ukCBIpIOXaUqY99SQ,34.05224003,-118.2873901,Red Room,23,4.7,"Wine Bars, Pop-Up Restaurants, Cocktail Bars",
pkQs_Ny2se3fnxgOVBvbAg,34.06887047,-118.2970367,Truly Acai,3,3.7,"Acai Bowls, Juice Bars & Smoothies, Brazilian",
_o6cTaR_pnm2XucZS6fTug,34.0844498,-118.3853226,Guisados,1024,4.3,Mexican,$$
3JgioaBXTc6uiLMAGH_87Q,34.03039,-118.23652,Guzzu Bento-ya,154,4.9,"Japanese, Asian Fusion",$$
XMRFH5LF0zL_g_8Q7vzcaA,34.066598,-118.308717,The Sushi,602,4.2,"Sushi Bars, Japanese, Salad",$$$
hafmNRWqoLKQ10dMVDh-yQ,34.0775467,-118.2647102,Elf,781,4.4,"Mediterranean, Wine Bars, Tapas/Small Plates",$$
6i7KnRylm4bhPIApDFSVCg,34.08807911,-118.3089513,Dave's Hot Chicken,3710,4.3,"Chicken Shop, Halal",$$
l5xPawJ1xui80qLKzGE5RA,34.07567,-118.32328,Louise's Trattoria - Larchmont,405,3.8,"Italian, Caterers, Pizza",$$
JD6tyqraOsi5xF10J0KEwQ,34.09030433,-118.3460383,Formosa Cafe,704,3.9,"Asian Fusion, Cocktail Bars, Noodles",$$
hThifVvziVJbn_GzsagItw,34.0988267,-118.3270184,800¬∞ Woodfired Kitchen,615,3.8,"Pizza, Sports Bars, Italian",$$
0_-4iI3bouR0DWhtCyIbcQ,34.07611494,-118.383274,The Henry,1098,4.2,"New American, Breakfast & Brunch, Cocktail Bars",$$$
TmDZlfdPWgvQvXrZZcDiGA,34.09017011,-118.2678052,The Silver Lake House,676,4.5,"Thai, Asian Fusion",$$
DajaCL3eRWKZcIBuEu_N3g,34.08121172,-118.3850059,The Butcher's Daughter,306,3.9,"Vegetarian, Cocktail Bars, Gluten-Free",$$
1e_j1BtMaTinWLC52RJI9w,34.07240343,-118.3593799,Marmalade Cafe - Los Angeles,2809,4.1,"New American, Breakfast & Brunch, Cafes",$$
#NAME?,34.0396967,-118.2993893,Andre's Italian Restaurant,1375,4.2,"Italian, Pizza, Comfort Food",$$
SREXeeGWWQwKP54fCljwZg,34.0719955,-118.360253,Monsieur Marcel,986,4.1,"French, Sandwiches",$$$
ifjQzwvW_cW8u88GzMaUWg,34.09839,-118.35565,Horses,257,3.9,"New American, Italian, Cocktail Bars",$$$
xPoZ1x-sGynBexrmRXyKlA,34.08547219,-118.2751025,All Day Baby,444,4,"Cocktail Bars, New American",$$
QkJzYySwiTTX7MPD7cSoxA,34.06224823,-118.3218384,Lilly's Made Fresh Snacks & Deli,5,3.4,"Delis, Juice Bars & Smoothies, Breakfast & Brunch",
rpWdiTM-i4i3a3otIxoJnw,34.02539508,-118.3433254,Highly Likely,540,3.8,"Coffee & Tea, Breakfast & Brunch, Bars",$$
zdjoo1GrpBgCNjgBB5h4_Q,34.101913,-118.336041,Hot Motha Clucker,197,4.1,"Bars, American, Sandwiches",$$
vBWYSv3Au1mylKUReJRp2Q,34.0547987,-118.2497291,asterid,172,4.2,New American,
Y2_4gSj9r2pzktbkWZrlig,34.0533397,-118.3769423,Lodge Bread,85,4.5,"Bakeries, Sandwiches, Breakfast & Brunch",$$
rLKI1EzuwGUFixHtqXqZ9g,34.101411,-118.341748,25 Degrees,1984,3.7,"Burgers, Diners, American",$$
q74_8BUGymExrHKAsF6l2A,34.08217,-118.30929,Hainan Bros Chicken and Rice,10,4.2,"Chicken Shop, Pan Asian, Singaporean",
AGyxcozRYuFPpRD-nBRu0Q,34.030029,-118.383983,Pasta Sisters,2281,4.1,"Italian, Wine Bars",$$
JBeSWzpDI8eh2xG4-ZVy4g,34.063051,-118.297541,Yangji Gamjatang,919,4.2,"Soup, Korean, Comfort Food",$$
EKrVpJqTXBjbbJPgHusibQ,34.049526,-118.358656,Stevie's Creole Cafe,1048,3.9,Cajun/Creole,$$
QADDG3waUFFqhjnSn_qfsA,34.092097,-118.279745,The Black Cat,571,3.8,"New American, Cocktail Bars",$$
kXrHt3XkNd_q5rISuvuvVg,34.07295286,-118.3755598,Berlins,1154,4.4,"Bubble Tea, German, Sandwiches",$$
cywwDn2SYCoef0PUYOXygw,34.03876,-118.28075,La Pupusa Urban Eatery,434,4.3,Salvadoran,$$
AyZUXwC5E-U6WInXGqcmcA,34.1014312,-118.3029659,Sanamluang Cafe Hollywood,2018,3.8,Thai,$$
sQJ788QT7wN5-d4MeuRVQA,34.0550258,-118.3833637,Founders Ale House,362,4.4,"New American, Sports Bars, Gastropubs",$$
Wx0ZOK9hVg7w3M5MLqpiMQ,34.13977,-118.205337,Aunt Yvette‚Äôs Kitchen,153,5,Ethiopian,
43gfRC7IsZv1mbsWfC-vHw,34.058763,-118.419009,True Food Kitchen,187,4.3,"New American, Breakfast & Brunch, Comfort Food",$$
wyZWl-NqeTa38KloWu5jQw,34.10151,-118.30238,Friends & Family,271,4.2,"Bakeries, Breakfast & Brunch, New American",$$
hnHwGO-uDz9TjQw2xGBZTw,34.04155,-118.25704,Zinqu√©,425,3.9,"Breakfast & Brunch, French, Cocktail Bars",$$
5V7zNZ9IdSUCYrZRXAg2hA,34.04480929,-118.2652703,Yard House,3122,3.5,"Bars, Vegetarian, New American",$$
pKCXhKfQjH6rpXWNmQhLeg,34.10621,-118.34213,Flowering Tree,99,4.6,"Coffee & Tea, Breakfast & Brunch, Bubble Tea",$$
oY1NbopswRBWHJWr3uOn8Q,34.05248,-118.30358,CHIPI,3,5,"Pizza, Chicken Shop, Chicken Wings",
bKeJWK8yxAo0x5y_0kGyVA,34.13166,-118.35262,Mercado Hollywood,855,4.3,"Mexican, Cocktail Bars",$$$
0g5pHUv8YMbdZwLvYN2ZJA,34.07346222,-118.3239569,Le Pain Quotidien,434,3.9,"Bakeries, Breakfast & Brunch, Coffee & Tea",$$
ENahrZZzeTek-EgPSXGd0A,34.05365,-118.38412,KITCHEN 1437,19,4.5,Food Court,$$
G55h6ynD4aFY0D_3TyAYpA,34.073699,-118.377065,ABSteak By Chef Akira Back,191,4.6,"Steakhouses, Korean, Barbeque",$$$
cXfXb64EcLHYlcs_ebXSQg,30.0628157,-91.9341485,Cajun Blaze Eats,2,5,"Cajun/Creole, Burgers, Food Trucks",
w2tw_rS7uB-9KwjDkQOg4A,34.0397099,-118.2987956,Bull & Dragon,20,4.4,"New American, Pop-Up Restaurants",
K8JWSdSz_IYyjGvv0RSBiA,34.025087,-118.394109,Citizen Public Market,132,4.3,Food Court,$$
pBIelgDRVsiebYpooAfbhw,34.0860326,-118.2915951,Tacos Dorados,2,5,"Street Vendors, Mexican",$
g7bvMWpWSNxSoq8WxfEcZQ,34.083913,-118.384953,Bottega Louie - WEHO,868,4.1,"Bakeries, Desserts, Italian",$$$
9KvPZul13HhcgbDIPE50Tg,34.076099,-118.308832,The Local Moco,34,4.7,"Hawaiian, Filipino",
LjFzKhP13GS6_CRM0HkEVg,34.0450459,-118.2769246,Flavors of Thai,798,3.8,Thai,$$
NJ5zXTQzIlkG-EhDwqMaIQ,34.04333,-118.31965,Somos Oaxaca,131,4.7,Mexican,$$
0jz2xat0mqFfT2vdX_0igA,34.0543797,-118.2672801,Tanta,13,4.2,Peruvian,
SLxKy00itrk-ta8r8zCzTA,34.08875977,-118.3085744,Easy Street Burgers,237,4.5,Burgers,$$
ktn9AX_cmEqeEDjqdLynzg,34.072601,-118.370773,Seoulmates,224,4.5,"Korean, Asian Fusion",$$
m-GWL0-PY4oo3LGODpM4IA,34.0893533,-118.2764842,Pizzana Silver Lake,92,4.5,"Pizza, Wine Bars, Italian",
JUOtI0Z9aHSE6JDR2542ig,34.09988,-118.29034,S≈çgo Roll Bar,206,4.2,"Japanese, Sushi Bars",$$
xU6pcazbyB1lxA631YJEkg,34.120853,-118.204651,Joy,1714,4.5,"Taiwanese, Coffee & Tea, Noodles",$$
Z57u3vyjkRiO5yIOkmGRNA,34.10137,-118.30125,Carousel Restaurant,932,4.4,"Armenian, Lebanese",$$$
x9uC3-5WythdfzoIOCK6iQ,34.1116,-118.287737,MESSHALL,1529,3.8,"Bars, Breakfast & Brunch, New American",$$
0z01cdjtl54ksjzKUMgd_w,34.10557,-118.336994,Shintaro Sushi,596,4,"Sushi Bars, Japanese, Seafood",$$
j7zBQ2dfP5QDVH8n33X9cg,34.02843528,-118.2757835,Qin West Noodle,93,3.6,"Chinese, Noodles",$
HTFByVH44biQsc_R8sEOjg,34.06208625,-118.3026584,BCD Tofu House,5143,4.2,Korean,$$
sHMQqLZqaMCZa5ICqpGiNg,34.05531469,-118.2917885,Crab House,970,4.1,"Korean, Seafood, Live/Raw Food",$$
pxg3VJKR9sA7cJqgXFTrSw,34.07161184,-118.2725989,Dollar Hits,690,4.1,Filipino,$$
10cBgJc-d8biKAAL_Bk0CA,34.098273,-118.306147,Amphai Northern Thai Food,381,4.7,Thai,$
ulnuMzWVV3tuziz0R5IsTg,34.08399014,-118.3568115,Durango Cantina,94,4.1,"Mexican, Cocktail Bars",$$$
varmccdK-LO9tbWlzeyfyw,34.08217,-118.30929,A Family Affair,112,4.6,Soul Food,$$
mrEgKltVkacoD6ZNWzQjyg,34.0250839,-118.3941056,Bang Bang Noodles,480,3.8,"Noodles, Pop-Up Restaurants",$$
H6zhdp4uIC7a8Dq-ZBjH4Q,34.10268,-118.24345,Wax Paper - Los Angeles,435,4.4,"Sandwiches, New American, Coffee & Tea",$$
S3Ew2sIuhoVB4nSTUmxVBg,34.06205775,-118.3133217,Yeon Omakase and Sushi,67,4.9,Sushi Bars,
9kc3zPyOPO1YlzId8OAS3A,34.043966,-118.308544,MAC'D,47,3.6,New American,
yfVs9_kD1Lk7jV8YD0VTWA,34.062128,-118.313381,Ggor Ghap Kimbob,48,4.7,"Korean, Specialty Food, Breakfast & Brunch",
KUsdn5cdpsX6XMf7TkwSFg,34.05282476,-118.3059214,Mongtan BBQ,15,5,Barbeque,
VJZWvjqIlUlVb3DJBz_jAg,34.04685,-118.21777,Tenampal,155,4.8,"Mexican, Breakfast & Brunch, New American",$$
KRt72M48zUfXQv6yGH5EQQ,34.0458078,-118.2340711,Propaganda Wine Bar,148,4.8,"Wine Bars, Italian, Pizza",$$
Wjckf5QPdVQw1ZG82zEarA,34.06142,-118.310424,M Grill,2632,4.3,"Brazilian, Steakhouses, Wine Bars",$$$$
SqWYLEwZxJY7Et8w24lzjw,34.06410333,-118.283964,Crispy School,455,4.9,"Burgers, New American, Asian Fusion",$$
xIz8G6F5VQhn22fEjNg0ag,34.059596,-118.239952,Yum Salut,51,4.7,"Laotian, Asian Fusion",$$
fTC8HoPbbi1pHl2X9eRxLw,34.04138901,-118.3563557,West Side Banh Mi,9,4,"Food Trucks, Vietnamese",
8RPEQTaPqvOpmKzSYJZQgQ,34.06172,-118.29526,Intercrew,392,4.3,"Lounges, Asian Fusion, Korean",$$$$
JcjsPdnxH7Gst3GRxCmdoQ,34.04644447,-118.2353367,Hearts & Flame,249,4,Italian,$$$
KQBGm5G8IDkE8LeNY45mbA,34.04560471,-118.2360611,Wurstk√ºche,9018,4.2,"Hot Dogs, German, Gastropubs",$$
LkxqUpoIxcd0tpIuSdeo-g,34.04463,-118.3785551,Karibbean Cuisine,31,4.9,"Caribbean, Food Trucks",
GWkTJVxzieQM2KfaAk9sBQ,34.06392575,-118.2385995,Golden Lake Eatery Cambodian Restaurant,324,3.6,"Cambodian, Vietnamese, Chinese",$
fP7xxJgHpPHITZdLvrQGAw,34.08307,-118.38728,Uchi West Hollywood,100,4.1,"Japanese, Sushi Bars",$$$$
730kuR4OZsSwWDas7QCwGg,34.04839667,-118.2585883,Marugame Udon-Los Angeles,334,4.2,"Japanese, Noodles, Asian Fusion",$$
T799TpiffSshVAe7RdhZJQ,34.091092,-118.344478,The Melt,137,4.5,"Sandwiches, Burgers, American",$$
1MJEJmGwUkdmk86gx-Wjkw,34.059942,-118.237637,Mama Lu‚Äôs Dumpling House,119,3.5,Noodles,
abI463RX-RfsRhIE7iGikg,34.08382411,-118.3093789,Le Coupe,227,4.7,"Southern, Chicken Shop, Salad",$$
vAGszIli2pkHf_0HolmLmw,34.10596,-118.27281,Mi Corazon,605,3.8,"Mexican, Cocktail Bars",$$
i7DTjyOXM4sSHNzU9Ghvuw,34.0908388,-118.3697416,Norah,913,3.8,"New American, Venues & Event Spaces, Breakfast & Brunch",$$$
g1RqknBKd1r1ajHW8xhAkQ,34.10145473,-118.3260126,Hollywood Burger,807,4.3,"Breakfast & Brunch, Burgers",$$
bdm3708B0OJW9xDdaKVH_A,34.06742142,-118.3095264,Gol Tong Chicken,2176,4.8,"Chicken Wings, Korean",$$
#NAME?,34.06296933,-118.3093167,Jeong Yuk Jeom,570,3.9,"Korean, Barbeque",$$$
sYcLm4n3k-FYZm_bKTUJ-g,34.0574299,-118.30658,Haemaru,229,4,"Korean, Soup, Noodles",$$
lXipm1mnODP19kdviBqn4g,34.016551,-118.281564,La Chuperia,472,4.4,"Mexican, Bars",$$
RQoD2ucHJJQpCevVNPlLxQ,34.06693,-118.4105,The Rooftop by JG,754,3.9,"New American, Lounges, Tapas/Small Plates",$$$
9OhKC782fYh0akM1VIfMxQ,34.0974499,-118.349941,The Carving Board,765,4.2,Sandwiches,$$
yKqC7pgrxCtz3tVHvVjGhQ,34.06450981,-118.3089904,Gangnam Pocha,45,4.2,"Korean, Gastropubs, Bars",
ii6YiETRUUjabTFi5QO5Rg,34.10393419,-118.3250242,Jane Q,177,3.8,"Mediterranean, Breakfast & Brunch, Cocktail Bars",$$
J3_JwqWPTO8EXO5SKRkQtA,34.10196,-118.32751,Sincerely Syria ,122,4.5,"Halal, Mediterranean, Syrian",$$
vZYsH-d7k7COPUmyvKthcA,34.01182183,-118.2822826,GaiGan,16,5,"Thai, Specialty Food, Food Delivery Services",$$
oQVQ2Ihv2biHJ2jzn3WbnQ,34.09768,-118.30481,Thai Street Food Market,15,4.1,"Street Vendors, Thai",
nMCeecupa8jfOq7-Dcs6Dg,34.033527,-118.240511,Kato,563,4.4,"Taiwanese, Seafood",$$$$
E-8QVQA30Zzw4EG3MgsXUg,34.06245574,-118.2976682,Qianlixiang Hot Pot,36,4.8,"Kebab, Hot Pot",
4MFZnqY59zuafZTP1UQQWA,34.08370138,-118.3096686,Ggiata Delicatessen,365,4,"Delis, Italian",$$
-Z-9YfCsSJCyfz0mtHG14w,34.08053,-118.38815,Olivetta,519,3.7,"Modern European, Cocktail Bars",$$$$
cqUgw5VKsc56vc6vhl1_VQ,34.097739,-118.333441,Gwen,774,3.9,"New American, Steakhouses, Cocktail Bars",
Ld1t4eqZzPMWqPhJ1-G-Dw,34.07735953,-118.3855763,Stella West Hollywood,20,4.2,Italian,
nGlLaC0p0naSlgdy2-HCVw,34.051073,-118.254412,71 Above,2582,4,"American, Cocktail Bars",$$$$
BHfx-sSC4ccN2VLht66nBQ,34.06757736,-118.2402725,Patina Grill,5,3,American,
C_8Y_wwGFummtQ3OQLRjcg,34.07403194,-118.3096659,LAces,114,4.6,"Sports Bars, New American, Cocktail Bars",$$
rJDsg0rZfuT0tsXbDaxRgA,34.072706,-118.37251,Son of a Gun,1872,3.9,Seafood,$$$
gh4B1viUS0cIbMGmbbaJtA,34.04502,-118.23749,De La Nonna,508,4.1,"Pizza, Wine Bars",$$
EFv3zmZMnPcBwL9v5ke0Dg,33.98151239,-118.4418004,PLANTA,416,4.4,"Sushi Bars, Vegetarian, Pizza",$$$
WysyMzFaEHWiOMRYj1paZg,34.13029133,-118.3504143,General Admission,294,4.1,"American, Sports Bars, Beer Bar",$$
PMKI2wtj2VvKudCNnjAc6A,34.04085,-118.26763,Maison Kasai,107,4,"French, Teppanyaki, Asian Fusion",
1VkCkGM09fMm4ft54S9-sQ,34.10186665,-118.3264787,Birdcage Hollywood,81,3.7,"Desserts, Salad, Sandwiches",
w0cm7DFmBDQ_x2r83cvL6g,34.06188,-118.34278,Apollonia's Pizzeria,972,4.2,"Pizza, Salad, Italian",$$
qmyTGgpnQNq-bUV1WzUGvQ,34.10458316,-118.3417958,The Magic Castle,2770,4.1,"Performing Arts, New American",$$$$
eNPaF_hVdpxMkzyq9kenYQ,34.066434,-118.254117,The Park's Finest,2396,4.2,"Barbeque, Filipino, Asian Fusion",$$
qOsGNcHWor5dn4GCKaFDPg,34.03414,-118.22981,kod≈ç,405,4.4,"Japanese, Sushi Bars, Desserts",
USSwmlsZWgoxCIcfRlPKag,34.00520833,-118.3317731,ORA ,9,4.9,Cafes,
PJPubcB4oEtsqwnpu8SSJQ,34.091075,-118.36357,Delilah,582,3,"New American, Lounges",$$$
BNuUYnr443Gyfw1gi2bzDg,34.097626,-118.331311,Iki Nori,4,4.5,"Japanese, Seafood, Sushi Bars",
PG8AH9RUleG845zm6ATRJA,34.09096,-118.37185,Zarape‚Ä?Cocina & Cantina,152,4.7,"Mexican, Beer Bar, Breakfast & Brunch",$$
MECF-6a3UDWCty0715Yeqw,34.05239,-118.30385,Okja Dabang,15,4.9,"Cafes, Coffee & Tea, Juice Bars & Smoothies",
q3uaUrleF1JmntSAY0fb7w,34.061251,-118.299049,Khawaiian,176,4.5,Hawaiian,
BN8NqWMtBc65qGIlQUX01w,33.99666,-118.42863,SOBAR,83,4.1,"Japanese, Noodles",
xInbYfhJbFlSMJ65mPerXA,34.05244827,-118.2553253,GOT PAELLA,25,4.6,"Food Trucks, Spanish, Seafood",
mu-sqebqz9DEQRTNP3vKLg,34.06322097,-118.297207,Tang Huo Kung Fu Spicy Hot Pot,194,4.3,"Hot Pot, Chinese",$$
3tSmSqamooLE_5c-8AaVVg,34.10126265,-118.3415674,Library Bar,470,4.2,"Lounges, Cocktail Bars, Burgers",$$$
BaSi1jxNokbv5ipaI1_law,34.039691,-118.298713,OKC Smash Burgers,91,4.5,Burgers,
o5fUB_jEPQERVaFRP_ledw,34.09819,-118.32197,Drunken Chicken,56,4.3,"Soul Food, Chicken Wings, Korean",
fSExg_B-7vzHwB_DBicBBQ,34.052886,-118.297311,Love Yours La,10,4.5,"Asian Fusion, Tapas Bars, Cocktail Bars",
Aq1vM8LCcb8mdpCOKCdlsw,34.07267,-118.25178,Tsubaki,422,4.2,Izakaya,$$$
cJcf74uix2OELGHzsMhaPQ,34.072103,-118.367278,Slab ,620,4.2,"Barbeque, Caterers, American",$$
h0GMGfUO7ETPaoRKjXn66w,34.07788262,-118.3092141,Shot Of Soju,2,3,Gastropubs,$$
dXpaLD6T3xmrXdw3FYAFDw,34.07325032,-118.3836201,Foxhall,98,4.4,"Steakhouses, Seafood, New American",
N45JrffOe03QisDOSQ9QTg,34.09520929,-118.3290331,Jazzy's Kitchen,44,3.3,Soul Food,
PNHcoGvmkars5lsQ3Eu41Q,34.0408,-118.34755,Roscoe‚Äôs House Of Chicken & Waffles - La Brea,135,3.4,"Soul Food, Chicken Shop, Waffles",$$
CXmJB5LZeda27UeBGzk75Q,34.0668715,-118.3615645,Pho Saigon Pearl,1117,4,"Vietnamese, Noodles, Bubble Tea",$$
_8Tvjpgu56ioJf0ohHzUUg,34.0507689,-118.2772433,Seoul Garden Restaurant,617,4,"Korean, Hot Pot, Sushi Bars",$$
WjuO8PhtqINeWqm-ei8NQA,34.06921,-118.29235,Dumpling House,688,4.2,"Korean, Dim Sum, Noodles",$$
6bqxHEgw3YFzfKqxYw6yaQ,34.0628631,-118.3062672,Kitchen Sooda,227,4.1,"Seafood, Asian Fusion, Gastropubs",$$
FAW0X9xZIGsxiIX1JfArgQ,34.08475733,-118.3384085,The Cat & Fiddle Restaurant & Pub,371,4.4,"British, Pubs, New American",$$
IzF0aYd61HfmTuPV8J74FQ,33.97664892,-118.416466,Neighbors,208,4,"Breakfast & Brunch, Cocktail Bars, Sports Bars",$$
g5s8qBx7_uUU-3pALdvCMQ,34.050052,-118.2423656,Rice & Nori,778,4.4,Japanese,$
FQT1DQVA0QwhEDs2i-ZNDA,34.03029581,-118.2920847,Monarca Pasta & Grill,176,4.6,Italian,$
LLj451UZrvt3SkZVrEZ4ew,34.06155498,-118.3043175,MDK Noodles,1726,4,"Korean, Noodles, Soup",$$
wcsd41E9wE9-dLnh9GZufA,34.0985622,-118.3435495,Mom‚Äôs Haus Hollywood,892,4,Southern,$$
RaKnMxcrsFtx6ii7yO353Q,34.0983351,-118.2977342,Lory's Restaurant,58,4.4,"Middle Eastern, Mediterranean, Vegetarian",$
aZ6H6jzn3KO_Rznp3l-YzQ,34.07253048,-118.3705086,Melanie,78,4.7,"Wine Bars, Burgers",$$
#NAME?,34.075313,-118.323881,Larchmont Village Wine Spirits & Cheese,1083,4.4,"Beer, Wine & Spirits, Sandwiches, Cheese Shops",$$
59taFywC94rseFrt6J5c3A,34.0708505,-118.4009113,Il Pastaio,2170,3.9,Italian,$$$
1mb6fp_JRp4Y68GStJsGIQ,34.0472242,-118.2609078,The Rooftop at The Wayfarer Downtown LA,646,3.6,"New American, Cocktail Bars, Tiki Bars",$$$
M8OXVXxgWqsg4VUhMnRh8Q,34.053465,-118.32305,Sisters Dumpling,118,4.5,"Korean, Noodles",$$
GS3pkYEfqsBeX6pi5iGQyA,34.09456985,-118.32926,Da Barbara,21,5,"Italian, Desserts",$$$$
xPlyX_l_f_Eh3G5YlX6aXA,34.07189116,-118.3653948,Sticky Rice,33,4.6,Thai,
orLQGo7Nitm0Buj6CMAXDw,34.102342,-118.33999,UKA,14,4.9,Japanese,
T_Hiq_zgUz3C3Rlj843ZAw,34.073437,-118.382488,Mam√° Por Dios,2032,3.8,"Mexican, Breakfast & Brunch, Cocktail Bars",$$
iSvu86592oA5Ays96iDP2Q,33.97441,-118.30078,The Breakfast Shack,125,4.7,"Breakfast & Brunch, American",$$
kvz1iB56k9MCkIlfMw3drQ,34.059464,-118.309536,Pho Gyu Vietnamese Noodle House,84,4.7,"Vietnamese, Noodles",$$
8polKN4I6fJx1t8pPxogVw,34.03447,-118.28341,Bacari W. Adams,1767,4.2,"Italian, Breakfast & Brunch, New American",$$
tNLPTQYYfzh3IL7YoS1s_g,34.04803159,-118.258386,District,642,3.9,"Cocktail Bars, American, Venues & Event Spaces",$$
LiQ4H9HKUWcSDhCbfAfLdg,34.063386,-118.294592,365,82,4.3,"Beer Bar, Wine Bars, Korean",$$
xVgz_F3gnbhyn_2goJ8vYQ,34.09778648,-118.367872,Pinches Tacos,969,3.8,Mexican,$$
1eyWLVHeDL2NWGeo9MElZg,34.098237,-118.343457,Tennessee Hot Chicken,609,4.8,"Chicken Shop, Halal",$$
qOKsBrRBSrOuVBBCvnzrMw,34.06747631,-118.3996568,Avra Beverly Hills,1413,4,"Greek, Seafood, Mediterranean",$$$
7pKS39Tdt0c1hAhdxOWZqA,34.04013967,-118.3085835,House of Curry,260,4,"Indian, Halal, Himalayan/Nepalese",$$
9qDA6kGLxuZ0bOSYWet4uA,34.088443,-118.268825,Botanica Restaurant & Market,400,3.9,"New American, Cocktail Bars, Coffee & Tea",$$
gX802b6PyS51OjFrXacWfA,34.042728,-118.250771,Holy Basil,309,4.3,"Thai, Caterers, Seafood",$$
ki5SNb4Lli6uOklz6BXXGw,34.08371444,-118.3505714,Blu Jam Caf√©,5922,4.2,"New American, Breakfast & Brunch, Sandwiches",$$
7l5Q9rAxnjBX_vSpxz-JRg,34.0444391,-118.3526087,323 Hibachi Grill,82,3.9,"Food Trucks, Seafood, Steakhouses",$$
LiOTgwAIorn3tDQz-ZJhaA,34.063852,-118.294609,Dan Sung Sa,1322,4,"Korean, Tapas/Small Plates, Gastropubs",$$
7ykDFudSSYFq3RPuSxO77A,34.046804,-118.238826,Tensho,84,4.7,"Japanese, Hot Pot, Seafood",$$$
MngSqXZbc4-x8lZTby1SrA,34.02585,-118.294192,Himalayan House,375,4.2,"Indian, Himalayan/Nepalese",$$
rpXxW180ByBjRHeWag3SnA,34.0603123,-118.3449541,Her Thai,99,4.3,Thai,$$
j3vvHO_58rHboxYHKD_B6w,34.04969,-118.25759,Miirch Social,26,4.3,Indian,
edafZfgTxcy8YSju4484hw,34.02320118,-118.3000352,La Cabanita Restaurant & Pupuseria,27,4.7,"Salvadoran, Seafood, Breakfast & Brunch",
rX4XXEwzSea-EJxuMYAFvw,34.072117,-118.367266,El Carmen,1075,4.1,"Mexican, Cocktail Bars",$$
KiqSBfdX2EOrn3PFsuG4YQ,34.090881,-118.38612,Blue Birdy,1,5,Gastropubs,
alBO2iwK6ilrykLvtSlNtg,34.04828,-118.44338,Sichuan Impression,815,4.1,Szechuan,$$
KuW3hA7MJukYpBHpcPjkmQ,34.07613,-118.25518,Gyoza Bar,54,4.4,"Izakaya, Ramen",
bZvzLXrCj8hya33di73d8Q,34.09063303,-118.3644333,Laurel Hardware,2068,3.7,"New American, Bars",$$$
xz66LQF-f06EtZ89Av6f3A,34.057493,-118.300632,JJAN,241,4.4,"Gastropubs, Korean, Tapas Bars",$$
oiWgt8ncTDsM9_aij6tCyw,34.026938,-118.388354,Bianca,494,4.2,"French, Bakeries, Italian",$$$
9T2bBH4n0_i7KhE0kPQiPw,34.0768811,-118.2580069,Honey Hi,358,4.3,"Cafes, Juice Bars & Smoothies, Breakfast & Brunch",$$
VzHJuws0xqcqDe5D9vNRUw,34.02687372,-118.4086695,Lobster & Beer,1262,4.2,"Seafood, Beer Bar",$$
_sN1bF7C19hnwUryOwSgFQ,34.06925,-118.2933,Rikas Peruvian Cuisine,260,4.3,"Seafood, Peruvian, Chicken Shop",$$
Qo4F-RObp5GXE_-vZXzD5g,34.0538506,-118.321126,Olympic Noodle,424,4.1,"Korean, Noodles, Soup",$$
LvCe3gVQJrMGPi0LxcEAlg,34.144132,-118.409025,The Six Social House,3521,4.4,"New American, Gastropubs, Breakfast & Brunch",$$
aK4o0_9VeqkScha4PizDdw,34.04083326,-118.3486287,Convi,1,5,"Convenience Stores, Candy Stores, Sandwiches",
9T2siQj4ET92dQ_XGae71g,34.04933,-118.30859,Town Hof and Thanks Chicken,90,4.6,"Chicken Shop, Korean, Beer Bar",$$
U-jWH-Cld5YxdJQv7MvKAQ,33.977018,-118.416904,Urban Plates,1166,4.2,"New American, Salad, Sandwiches",$$
XBkRSNtBggWGMIfqmIlF2Q,34.0451611,-118.2666712,Savoca,63,3.3,Italian,$$$
NmyEFw_9tKeHarAiUvtF3w,34.09075705,-118.3916479,Prince Street Pizza,1066,4.2,Pizza,
N05X5dnwzpWvLg7ZRcMtcA,34.06373,-118.296869,Escala,1538,3.9,"Colombian, Gastropubs, Cocktail Bars",$$
8zuw4OVrmrsa4KApcp2edA,34.07188458,-118.2733906,Doubting Thomas,471,4.2,"Coffee & Tea, Breakfast & Brunch, Patisserie/Cake Shop",$$
AL2EBhiZVDvrX6Q13z8NCw,34.06029134,-118.2577698,Seoul Sausage Company,52,4.9,"Asian Fusion, Food Trucks, Korean",$$
6CSyfa6Ve2vTIVjuLK4Ndg,34.05956631,-118.390226,Totoraku,1,5,Japanese,
Osce6shPInsQLAhtJEJnng,34.09531506,-118.3025309,El Zarape,882,4.2,Mexican,$$
H9ZlIqEp930ZRniH6VRp8w,34.04738871,-118.2996417,Papa Cristo's,2236,4.3,"Greek, Mediterranean, Bakeries",$$
2n9gAtOvARpVPygaWH1tTQ,34.06860472,-118.4026985,Gucci Osteria da Massimo Bottura,242,3.8,Italian,$$$$
f6yiLmMHzKfYNzdhD8uGig,34.041982,-118.255175,Mona Pasta Bar,83,4.7,"Italian, Wine Bars",
Kdfu2ZNUp7jKta9j2cZ2NA,34.03378367,-118.241942,Hayato,121,4.7,Japanese,$$$$
58qpwar51_eEW9rEyK8YWw,34.10112866,-118.2439709,Mariscos Za Za Za,22,4.3,Seafood,
PhODcqviyHMrDqbB5S8aCQ,34.08021087,-118.2554394,Bacetti Trattoria,237,4.1,"Italian, Pasta Shops, Pizza",$$$
bSfdLm1ke0oFCUK7hiAQ_g,34.08323,-118.34724,Frankie's,511,4.2,Italian,$$
NrQAjvoj57Qcn2i90otmaw,34.045538,-118.264042,Caf√© Fig,376,4,"Cafes, Breakfast & Brunch, New American",$$
Shctjzk4MbtCi9XAwLRsVA,34.04755553,-118.3442087,Curry in hurry,311,4.8,Indian,$$
P9Dt_kkU5BTe1v0tJ4KFNw,34.07642,-118.34909,Angelini Osteria,2168,4.2,"Italian, Wine Bars, Pizza",$$$
8Dle2edMxFcYbEwbTUc5rQ,34.10078,-118.29077,Ululani's Hawaiian Shave Ice ,132,4.7,"Shaved Ice, Hawaiian",$
LtQu-lT9Hpm_n_5LcXsdYA,34.07642,-118.30557,Sulga House of Beef Bone Soup,400,4.8,"Korean, Comfort Food, Soup",$$
ZLJvUD7fpVrCA6dLWacz5w,34.0314977,-118.2640295,Trap Tacos,5,4.6,"Tacos, Food Stands",
9OqeSaKmGjo2xhvcSI-Xog,34.07878,-118.36113,Badmaash - Fairfax,482,4.1,"Indian, Bars, New American",$$
b_A9p1UdTIaDee_6yf-tdg,34.07208684,-118.3605397,Pasta Corner,133,4.1,"Pasta Shops, Italian",$$
ikZRDDD89m54GEOgGfuFzA,34.09774,-118.32811,WILDBIRD,287,4.5,"Chicken Shop, Mexican, Salad",$$
6GTaESIP0r1oFunFqqevsw,34.08279,-118.32404,Cafe Gratitude,2356,4,"Vegan, Breakfast & Brunch, Cafes",$$
6FC3TYQqSJMQ2smh2BJhAg,34.06930381,-118.4058359,La ong,185,4.4,"Thai, Seafood, Noodles",
l4ydq6oYIaCWy5fLZl1OjQ,34.061453,-118.311803,All You Can Eat Sushi & BBQ,653,4,"Sushi Bars, Barbeque",$$
eFSyURx8qNHWpXoV_zCLbg,34.05728974,-118.3092635,Flour Fresh Cream Donut,84,4.8,"Donuts, Desserts, Sandwiches",
oF4Ka_u216vSReuTLi1uyg,33.988611,-118.3535349,Jerusalem Chicken,303,4.5,"Mediterranean, Middle Eastern, Halal",$$
tXWWGFaKQBggwOKMdOuCdA,34.03899596,-118.3095488,Sabor Nicarag√ºense Restaurant,157,4.7,"Latin American, Nicaraguan",$$
vkBGae3-5Xkp-pqLDRIM1g,34.065804,-118.383889,Lazy Daisy - Beverly Hills,307,3.5,"New American, Breakfast & Brunch, Cafes",$$
zjY4EkcLa4rwMLcDtLkmsw,34.0764581,-118.3530026,Next Door,80,4.4,"Mediterranean, Kosher, Cocktail Bars",$$$$
oGV5efg62_PKRJsVNJmtCQ,34.06194,-118.34573,Ariyoshi Sushi Cafe Izakaya,1254,4.1,"Sushi Bars, Asian Fusion, Japanese",$$
J_brGEHHikhvEUiVVwVCsg,34.03267445,-118.3585635,Tartine West Adams,113,3.9,"Bakeries, Cafes, Coffee & Tea",$$
q97MIGXESdhak-LhGKDl0Q,34.0843697,-118.2866364,Sqirl,2326,3.9,"New American, Salad",$$
xb9-MjRrzDfZRTC2rNvMsw,34.02510654,-118.3939679,CAVA,447,4,"Mediterranean, Salad",$$
iqjA5r6w_bFB2R4hseqhhQ,34.04746283,-118.293926,Dino's Chicken and Burgers,2321,4.2,"Burgers, Mexican, Sandwiches",$$
xn6lugKGG0j8fIqw9rteAA,34.06036248,-118.2577901,The Window,4,3.5,Asian Fusion,
VqG_rccDoUXreiaHH0DEUA,34.0465306,-118.2506799,Guisados DTLA,2111,4.3,Mexican,$
9d-yj1lHBwdSCPq2CbJ58A,34.09106064,-118.3382263,Soregashi,161,4.5,"Japanese, Diners, Sushi Bars",$$$
iUaBD2m57Y1tgf_E_NtlmA,34.033339,-118.44215,Mori Nozomi,9,5,Sushi Bars,
Ej_DlP71nuUWyf8eGLab2A,34.0981988,-118.3446639,College Boy Cheesesteaks,60,4.1,"Cheesesteaks, Food Trucks",$$
ieKcxY-IptaHIwxxAq5cMA,34.06743987,-118.3838498,Prospect Gourmand,926,4.4,"Breakfast & Brunch, New American, Cocktail Bars",$$
qDmJaJjLtjcB4Evd-VCbNA,34.02909411,-118.4117111,Simpang Asia,2191,4.2,"Indonesian, Malaysian, Halal",$$
d09ros9QhLRs9EgWbkkvvg,34.0359554,-118.2920263,Caveman Kitchen,645,4.1,"Latin American, Burgers, Peruvian",$$
95Lnd5KJcOJJVrLDLYrDjg,34.067758,-118.398921,The Terrace,208,3.9,"New American, Modern European",$$$$
W-znmhcbAFwoDtqLCmc9JA,34.04712,-118.25708,Le Grand,1502,4.1,"New American, Breakfast & Brunch, Cocktail Bars",$$
hFn27QdC78liB2Jak_qWDg,34.047587,-118.256782,Inka Wasi,74,4.3,"Latin American, Peruvian",$$
QGWk082jQPTOnMJHF9IPYg,34.04727,-118.2348098,Father‚Äôs Office,159,3.7,Gastropubs,$$
iSZpZgVnASwEmlq0DORY2A,34.04998894,-118.2400937,Daikokuya,9550,4.1,"Ramen, Noodles",$$
FwbZVfx2EBQ7aS090V6dzA,34.09780331,-118.3259892,Fabiolus Cucina,1037,3.9,Italian,$$
aScRMC73mg2mCFRgzrC_mQ,34.083344,-118.313718,Nugtown,42,4.9,"Food Stands, Chicken Shop, Soul Food",
QLXO-aOTh06CaA8_E9wt2w,34.09405094,-118.3443644,Otus Thai Kitchen & Coffee,718,4.4,"Thai, Coffee & Tea, Gluten-Free",$$
rATll-xwVa_NYlCBB0UaxA,34.09103,-118.30762,NY Crust Pizza,234,3.5,"Pizza, Chicken Wings, Hawaiian",$
eOJKjZemB_NfuKZTWFmjSQ,34.04106,-118.267098,33 Taps-DTLA,39,3.9,"Sports Bars, Breakfast & Brunch, Gastropubs",
IPb017U65V56piqOE1T12g,34.08478636,-118.2870825,Metztli Taqueria,15,4.9,"Tacos, New Mexican Cuisine",
A6LDWuEICzbyxfzN6nFuhg,34.0528,-118.3126,HONG YEON LLC,34,3.5,Chinese,
AxPJlSxkCJVJk3sSTL_8OA,34.05972,-118.23702,Philippe the Original,7160,4,"Sandwiches, Breakfast & Brunch, American",$$
YpM5qRwt8uwC77WNZtGIfA,34.0736322,-118.3237649,Muraya,171,4,"Japanese, Sushi Bars",$$
K1Q7DsCpFfPsJRRr4aOFoQ,34.07648921,-118.3090974,LA Yimone,39,4.3,Korean,$
vR2LjJP3beB56AuPGSBSJw,34.06372,-118.36446,KazuNori | Mid-Wilshire,331,4.3,"Sushi Bars, Japanese",$$
et-BaxAfGLpTufqfimbPUg,34.06309,-118.29754,Mountain Cafe,281,4.3,"Korean, Soup",$$
3DtzmA0QbgU1vztjLbyDtA,34.09175734,-118.2830473,Marco Polo Trattoria,132,4.1,"Bars, Italian, Breakfast & Brunch",
peYvHy00ndX-sPdCxnAWXw,34.13826105,-118.3528528,Guy Fieri's Flavortown Kitchen,6,3.8,"Food Delivery Services, Burgers, Chicken Wings",
1W3uI86Vj6Qw0zNWTl9R8g,34.069008,-118.405871,Jon & Vinny's  - Beverly Hills,186,3,"Pizza, Italian",
Mbads1i1CxrXH8UjoZ4WyQ,34.046655,-118.25103,White Elephant,182,4.5,Thai,$$
gtBp48afpJePQgIy15GsrQ,34.0838025,-118.3480326,Roots Indian Bistro,377,4.8,"Indian, Vegan, Halal",$$
clJmJd_tbaK34j1CN-9MYQ,34.0613398,-118.3113545,Korea Town Pizza,548,4.2,"Pizza, Bars, Burgers",$$
1rD2vc1-VR0Wy42DG7ZfJg,34.07363409,-118.36165,Netflix Bites,163,3.2,American,$$$
GLSKTOOmEvAUVVPfDnYygw,34.0037102,-118.3323631,Wah Gwaan Jamaican Kitchen & Bar,123,4.1,"Caribbean, Bars",$$
VV6WFxK9V9j_p0UVwfdyhQ,34.05407,-118.32042,HAN JAN IZAKAYA,6,4.3,"Korean, Izakaya",
KN4dbEU1TFbRhehvi_xV0g,34.03871165,-118.2642529,Cow Cafe,193,4.5,"Cafes, Mediterranean",$$
pcUZ0uzsBUIHPoiEhwMBIA,34.05536,-118.24879,San Laurel,236,4.2,"Spanish, Breakfast & Brunch, Cocktail Bars",$$$$
EcR74rkTNDexQfPbf6Dj3g,34.13893235,-118.3542343,Three Broomsticks at Universal Studios Hollywood,1079,4,British,$$
Bq6I52mOTyC2iDHU2rh_5w,34.06251215,-118.3488146,El Cartel,638,4.1,Mexican,$
BDRVlHnK4l0T0ANb7M-Eqg,34.07023951,-118.2504484,Guisados,2464,4.4,Mexican,$$
PWKG8FkZHNchXS7yP2RUYA,34.03582,-118.23566,Bike Shed Moto Co - Los Angeles,414,4.6,"Bars, Modern European, Breakfast & Brunch",$$
6Dd4kTDiikEB3wQp___0fA,34.0327911,-118.3417282,Taqueria Los Anaya,1506,4.4,Mexican,$$
0stUvaDK5l0bW7tGb7_hgQ,34.06737,-118.30892,Fei Xiang Gong,159,4.5,"Kebab, Chinese, Korean",$$
gp4dXraq09Bv-v19Dn0k9w,34.09104583,-118.3532488,Moderno Cocina,52,4.7,"Mexican, Breakfast & Brunch",
vPL697H_kC4p_PRFzXCR_w,34.05399,-118.27069,Dogs Chicks,159,4.4,"Chicken Shop, Hot Dogs, Halal",$$
nHsaaywPIecjjX87V-wT2g,34.13616107,-118.3546099,VIVO Italian Kitchen,525,3.8,"Italian, Pizza",$$
VCu2IcNLXBi3hK5nNQzr1g,34.04081304,-118.2671501,Lucky Mizu,67,3.5,"Japanese, Hot Pot, Sushi Bars",$$$$
ObzVtIRkNeoF2yBqGBWywg,34.10409779,-118.2917368,Pinky‚Äôs,63,3.9,"Cocktail Bars, Tacos",
LlaXbuPQBsRXjZFEx5Wkjw,34.10906,-118.3697,Pace,1284,4.1,"Italian, Pizza, Cocktail Bars",$$$
iYLyVP1uRs56wZ3FK_lCdw,34.1028276,-118.2872571,The Guest House,398,4.1,"Cocktail Bars, New American",$$
yQUQ4qjaqTW82Kli3I8d7w,34.05957805,-118.3445881,Del Mar Ostioneria,76,4.7,"Seafood, Food Trucks, Mexican",$$
osx53rqjXe6l9f5FJraVZw,34.10576,-118.34209,Yamashiro Hollywood,5821,3.6,"Japanese, Asian Fusion, New American",$$$
rfVUBEy2i9aHsKjsJbqZwA,34.058763,-118.419009,Haidilao Hot Pot Century City,1277,4.6,Hot Pot,
CBnXC267v0gjZVKWVWaNOA,34.05755,-118.29386,Gamsung Pocha,22,4.3,"Korean, Pubs",
DoyIC0ElqglrlHBKDxXOwg,34.08370683,-118.3478443,Sugar Taco,1109,4.3,"Vegan, Mexican, Vegetarian",$$
qJ6dSJVNUFmTAUc2NREQDQ,34.05536,-118.24879,Agua Viva,227,4.1,"Latin American, Asian Fusion",$$$
ARo_sYMfsHdwMLvOtCVTiA,34.072994,-118.372644,Charred - A Steak Bistro,0,0,"Steakhouses, Food Delivery Services",
TcbgGfKA5p1615ty_QYyFg,34.01475364,-118.2787749,Detroit Pizza Depot,82,4.5,Pizza,
anXcMj3V0-b5sapTI2UAlg,34.06901275,-118.4059272,D√† Lat Rose,10,5,"Vietnamese, Asian Fusion",$$$$
kS3w9vLo45W4EnjnatzlZA,34.07611011,-118.3060509,Royal Lobster LA,104,4.8,"Sandwiches, Seafood, Salad",$$
VqatIMkoea_OMvHaD2PwOw,34.063779,-118.297282,KazuNori: The Original Hand Roll Bar,164,4.5,"Sushi Bars, Japanese",$$
llKP5-ZAG8I-RVbKrSatQQ,34.0981492,-118.3501071,Chibiscus Asian Cafe,1195,4.3,"Asian Fusion, Ramen",$$
mBFfywP-YDqYzYPKbyArtQ,34.0717922,-118.2215203,Arroz & Fun,54,4.6,"Breakfast & Brunch, Coffee & Tea",
jaNacyO8EzjJwE4uI8JWKw,34.09373,-118.37785,Pok√© Bar,481,4.3,"Hawaiian, Poke, Fast Food",$$
IzRINfSLBr6k_dq1e2WNew,34.05241,-118.30071,Guelaguetza Restaurante,2919,3.9,Mexican,$$
#NAME?,34.10101879,-118.3416849,Shirley Brasserie,30,3.9,"French, Wine Bars, Brasseries",
IMoMSsC3oDqcNZCQXyo8iQ,34.063071,-118.306414,Concerto,1440,3.9,"Italian, Cocktail Bars, Korean",$$
hYdsRq3Lb_M3_DTiCO2Rsw,34.0409531,-118.2674632,Qu√© B√°rbaro,74,4,"Latin American, Seafood, Cocktail Bars",
eSHhwSinX6d8IVAU3b7ugQ,34.07478,-118.30934,Jin Ju,53,4.9,"Korean, Barbeque, Soup",
mfRAMQGOdQk_v1CmjXq3Eg,34.08980116,-118.3928111,Soho House West Hollywood,429,4.3,"Middle Eastern, Cocktail Bars, Venues & Event Spaces",$$$
qX4i4xyc-8Im4PLpJX-L8g,34.03270332,-118.3599843,Alta West Adams,796,3.7,"Soul Food, Comfort Food, New American",$$
hqR-2X38R1Xl-8Jh_G3WNQ,34.06938,-118.374857,LA Paella,769,4.2,"Spanish, Tapas Bars, Wine Bars",$$
zpRUmBT4lOpyAD_TUNrv3A,34.06338,-118.30956,K Pasa,0,0,"Tacos, Breakfast & Brunch, Ramen",
DJWMXLbhweA65pAg0-6ZVQ,34.08332,-118.32738,My Crab House,198,4.5,"Seafood, Cajun/Creole",$$
szcrp3Yhq6LvblvN7aK39A,34.10047,-118.29124,Kismet Rotisserie,187,3.8,"Mediterranean, Salad, Chicken Shop",$$
eC6LKNPIDWHFj4KgDZgpJQ,34.09988893,-118.3269173,Uncle Johnny's Burgers,101,4.8,"Food Stands, Burgers, Sandwiches",$$
_NcaStIsQPpn09Daq9U9EQ,34.10465187,-118.3190495,Renaissance,33,4.3,New American,$$
UUL3cdDeCA0gZIa8lBO1zg,34.04558,-118.2357,LA Cha Cha Ch√°,752,3.8,"Mexican, Cocktail Bars",$$$
adrzBN4C3jpoCAzJX-xscw,34.09859534,-118.3061556,Pa Ord Noodle,1769,4.3,"Thai, Noodles",$$
6keXTWRER7WbgP80Uf1IZw,34.041153,-118.34761,3 Sister's Bbq & Sandwich,1,5,"Barbeque, Sandwiches",$
gEZzvxvK0VtlTXQKelsSxw,34.098385,-118.329773,Waku Waku Sakebar,174,4.3,"Sushi Bars, Ramen",$$
XpXcEP7JRIQZpDDnsXy2gA,34.08755,-118.34291,Tartine Sycamore,218,4.1,"Bakeries, Coffee & Tea, Breakfast & Brunch",$$
WWO9yTCFy2c7GbnCN85S5w,34.02192237,-118.3965615,33 Taps - Culver City,103,4.2,"Sports Bars, Burgers, Vegan",
ITNAxP_RUZ_FCPFNt7pjmw,34.01562331,-118.3347559,Earle's On Crenshaw,778,4.6,"Hot Dogs, Burgers, Vegan",$$
hnTTd5XfwSoj7gI7Bl7r9A,34.05273,-118.24769,Hill Street Bar & Restaurant,256,4.6,"New American, Burgers, Cocktail Bars",$$
Baqs3SIHR60lXxXAFkjTDg,34.08219,-118.34429,Bludso's BBQ,3113,4.1,"Barbeque, American, Cocktail Bars",$$
F64dimaPmt7_imQ4s2yGow,34.061477,-118.299902,Gogobop Korean Rice Bar,371,4.5,"Asian Fusion, Korean",$$
agrcKO_vfJpZywI8B8EcjA,34.04085,-118.26763,Level 8,56,3.2,"Venues & Event Spaces, Bars, American",
_pPmhpsM6xvgA6z17BIqWQ,34.060228,-118.29125,Tangtastic,110,4.7,"Desserts, Cafes",$
p0sW66vtBj6OLG4QEMRpgw,34.03218,-118.36887,Bee Taqueria,214,4.3,Tacos,$$
Wrzpnwo2m-K6xoDGdP9NFw,34.07032693,-118.4050468,Lorenzo California,100,4.6,"Italian, Sandwiches",$$
CMp0w5cySb4n4XxgmoFdZQ,34.0669,-118.37592,Capital Seafood Beverly Hills,395,4.1,"Dim Sum, Cantonese, Seafood",$$
zRzAOEj6TZEdJMsZk9HDGg,34.0636318,-118.3107274,Daedo Sikdang,373,4.1,"Korean, Bars, Steakhouses",
sQAYaR_k9R96upMaGfPexA,34.04753435,-118.3450106,Auntie Beulah's Biscuits & Chicken,36,4.1,"Breakfast & Brunch, Soul Food, Chicken Shop",
Tvt7aB3HEjh1yEipediiAQ,34.049976,-118.249361,Fabby‚Äôs Sandwicherie,9,4.6,"Sandwiches, Bars",
I0Z8r5SGmklK3mqzbcHrUw,34.091276,-118.345562,Breakfast Republic,451,4,Breakfast & Brunch,$$
diid88kbY0ox_r_3jc6fBA,34.06694264,-118.2921769,LA Tofu House,216,4.3,Korean,$$
93Svns_JtCP3__wxlcSsbg,34.042005,-118.263016,Prank,1018,4.1,"Cocktail Bars, American, Breakfast & Brunch",$$
0z23Jk7U_MpvtqKINPL2fA,34.02829238,-118.2752082,Dirt Dog,2778,4.4,"Hot Dogs, Beer Bar",$$
Cbi-gvzS75V2xef4xcwnxQ,34.057512,-118.415813,Lumi√®re Brasserie,104,4.3,French,$$$$
aQFguaddjBna3ZIBsxjeeA,34.07263781,-118.3718338,Joan's on Third,2576,4,"Breakfast & Brunch, Cafes",$$
9RAX9V0NP_K4ldYL5U0BIw,34.04705,-118.26051,Gaslighter Social Club,5,4,"Breakfast & Brunch, Coffee & Tea, New American",
KtEMG1Aln3vQzte92QJxlw,34.06232132,-118.340899,Genwa Korean BBQ Mid Wilshire,3075,4.4,"Korean, Barbeque, Seafood",$$$
WnEQZDZ86ozJjnAkw8tYRQ,34.04943145,-118.2397765,Chinchikurin - Little Tokyo,1019,4.1,Japanese,$$
2xV4XhGKLJm-nsdKesd0IA,34.04517,-118.266675,Corteza At Sendero,37,4.3,"Latin American, Cocktail Bars",
pbalg1VNA8JMVt9kIiATUA,34.095141,-118.374456,Katana,2187,4,"Sushi Bars, Japanese, Asian Fusion",$$$
2cNmmr9yzdnNPppwExt9SQ,34.059609,-118.419437,Eataly Los Angeles,2705,3.5,"Specialty Food, Italian, Food Court",$$
cxU5blDB5nnZIkn4amrf5A,34.066669,-118.260819,Gr√°,261,4.3,"Pizza, Salad, Wine Bars",
uX9dy7icJmyjJzhFn6UVKg,34.09570876,-118.3293905,Ileishome,6,4.5,"African, Venues & Event Spaces, Cooking Classes",
IWz4TSt8L8dU8r40JrQkkw,34.063182,-118.298594,Chiang Express,6,5,"Chinese, Food Court",
u7ypl6hdzogGfscw0Kdy4w,34.020695,-118.402863,Fire My Pasta,15,4.8,Italian,
9hLOCB7W19YAb9EyS108Lw,34.073623,-118.361649,The Bar at Short Stories Hotel,112,4.6,"Cocktail Bars, Breakfast & Brunch, Tapas/Small Plates",$$$
dWQHeuiZ7E1aiBdWwldqqA,34.10095986,-118.3245159,Little Daneny,5,5,"Cafes, Coffee & Tea",
quDRbtVyZHsvVeEMe0K6zw,34.07308981,-118.3760279,Manpuku Japanese BBQ Dining - West Hollywood,183,4.5,"Japanese, Barbeque",$$$$
j9CgbymJkQ08JUlNqxsjbw,34.06363674,-118.2327336,Mae Ting's Coconut Cakes,168,4.7,"Desserts, Thai",$
oYYpoSYMdZVodkOJcDGX6w,34.0761,-118.28661,Mala City Dry Pot Hot Pot,7,4.1,Chinese,
Fc76lQREjE0mn3VK9rZ6QQ,34.07560349,-118.323288,Go Get Em Tiger,735,3.9,"Coffee & Tea, Breakfast & Brunch, Sandwiches",$$
gWM5n5Tyo5h74t-_lp1WUA,34.069295,-118.307192,Zzamong,1412,4.2,"Korean, Chinese, Noodles",$$
RrqZgfxIKRi6_s6lXaYVzQ,34.095947,-118.371902,Carney's Sunset Strip,919,4.1,"Burgers, Hot Dogs, Sandwiches",$
Fcxm2Wnz8lLDi6doGcAMTw,34.0782765,-118.2614713,Taix French Restaurant,922,3.9,French,$$$
ly7L13OVHcSOm1JSuFwKwg,34.0976461,-118.3529173,Electric Owl,549,4.2,"Cocktail Bars, American, Steakhouses",$$
mQI7zUBN3T5s6bF8xA1eMw,34.06365,-118.30882,All'Antico Vinaio,0,0,"Italian, Sandwiches",
8-eoGoVLw9YFhUdCC1ZXig,34.032164,-118.341562,La Prime Caffe 2,158,4.8,"Breakfast & Brunch, Coffee & Tea, American",$$
HvDYCHDpgBy3CmzRD6gcMg,34.0533378,-118.3089351,Ktown Pho,973,4.5,"Vietnamese, Soup, Salad",$$
XRbyfQZ7nWwJCOjRC8EW-g,34.09821902,-118.274832,√î Banh Mi,140,4.1,"Vietnamese, Sandwiches",$
P7S8klSRcucx_6xoLC7Eqw,34.09049,-118.31391,Bbq Rice,249,4.8,"Korean, Barbeque",$$
k3FoWaRlEY7pnoPWpTg6cA,34.05135727,-118.2796173,The Famous Double Eagle,2,5,New American,
n3ZoyeI0jv0Mpkh92Dxu8Q,34.04855,-118.24806,Pi La,135,4.6,Pizza,$$
zD0Y5_YfUNWhoX315Wc-og,34.08900061,-118.3421755,Mizlala Sycamore,130,4.2,"Middle Eastern, Falafel, Vegetarian",$$
EuatFAE68mlMZWbuPhoXTQ,34.05646,-118.23775,Taste of Mexico,1,5,Mexican,
h4GJPK3TfnAW9iVu5qejmQ,33.98872,-118.33556,Slauson Street Food,1,5,Food Stands,
hGlDWVo8uqxksFSwWC3AZA,33.98105681,-118.4413966,UOVO | Marina del Rey,649,4.3,"Italian, Noodles",$$
4q7J4ofefwCxuV25znK2NA,34.07356959,-118.3768067,H&H Brazilian Steakhouse Beverly Hills,206,4.4,"Brazilian, Venues & Event Spaces, Halal",
34EtzYXSKlbAWY8aLZD2kg,34.06214799,-118.3130919,Boolieya,78,4.4,"Korean, Bars, Asian Fusion",$$
0kXAJeO1rL4zxa8sa7zL3g,34.05844,-118.3087,Iki Ramen,797,4.6,"Ramen, Izakaya, Sushi Bars",$$
y148iaa36UlRwyOc1-ZasA,34.046986,-118.255475,Ristorante Per L‚ÄôOra,100,4.1,"Italian, Venues & Event Spaces, Cocktail Bars",$$$
BEJU1_EDtayPPmDXlUIknw,34.05396,-118.35523,Sonoratown,224,4.5,Mexican,
EgBofl7WDKRpnWcUjStZ1Q,34.055492,-118.309541,Pho gogo,93,4.5,Asian Fusion,$$
CFYfXWh4v5X4B1TEBgdImA,34.08217,-118.30929,Fry or Die LA,5,4,"Chicken Wings, Fast Food",
1u9ZlJF5txRS1KSQ6r8-RA,34.061319,-118.30627,Izakaya Mi Young,102,4,"Sushi Bars, Izakaya",
zsvUvn-hQQu_HlVH6yueNA,34.1297362,-118.3458695,Mary Ann's Gumbo House,12,4.5,"Cajun/Creole, Food Delivery Services, Seafood",
D4Te-IVE3xw5l02OAKNIjA,34.09091576,-118.3532297,Las Perlas,66,4.2,"Cocktail Bars, Tacos, Music Venues",
RbFfDAJtXKaQevhuWahhwg,33.98715,-118.396452,This Sista Can Cook,20,4.8,"Cajun/Creole, Soul Food, Barbeque",
Mkig5cp3dXtM0ehM4F7z2Q,34.0770971,-118.2642924,Levant Bistro + Bake Shop,185,4.7,"Gluten-Free, Mediterranean, Lebanese",$$
jnCHJTX5dylDE_gxfAODEQ,34.0368877,-118.278197,Thaister,20,4.3,Thai,
J_EbbYl1MfLim9gTxWKxAA,34.10081092,-118.3264639,The Breakfast Club LA,491,3.7,"Breakfast & Brunch, Cocktail Bars, Sandwiches",$$
xYdqVZtjXPv6M5Gd5pTQIQ,34.08407,-118.38491,Tom Tom,1018,3.7,"New American, Wine Bars, Cocktail Bars",$$$
eN9OB5t-bz1-XIVWV9Z5XQ,34.09961481,-118.3312171,Mama's Kitchen,451,3.3,"New American, Breakfast & Brunch, Cocktail Bars",$$
bJeMe365G76fcnFqBHxppg,34.06606,-118.23763,Full Moon House,525,3.9,"Chinese, Seafood",$$
zRzmTeTnjf7Gm4WQzqd1xQ,34.10207326,-118.3244556,Totoyama Sushi & Ramen,576,3.9,"Sushi Bars, Ramen, Beer Bar",$$
JFc9t0vL5n2bMLvTwcWGOQ,34.08879,-118.27684,Fat Dragon,291,3.8,"Chinese, Noodles, Coffee & Tea",$$
xJT5BdpKUyfenwWqtnoAww,34.07491857,-118.308903,Biergarten,884,3.8,"Asian Fusion, Korean, Sports Bars",$$
drRIEHxmi6KtgXT4pUsLzQ,34.0524316,-118.2920432,Hodori Restaurant,1168,3.2,"Korean, Comfort Food, Soup",$$
Ke3WFbRKFHOW7Ity6vO0jQ,34.04314,-118.26371,Sonoritas Prime Tacos,316,4,Mexican,$$
MKzpvCubZUrS3WKa9NIgdQ,34.072889,-118.3745502,n10 Los Angeles,349,4,"Italian, Bars",$$$
D3VUJE1Ye4qFWiypiavtOw,34.1548299,-118.34559,MA'S Italian Kitchen,1332,4.6,"Italian, Pizza, Pasta Shops",$$
3dmkjDqnsp__V5kxsq6rOA,34.009861,-118.3390427,Post & Beam,1215,3.8,"Southern, New American, Breakfast & Brunch",$$
u2ifgpjzrWINDKNJ34h-1g,34.04729413,-118.2703979,Fleur Caf√©,238,4.7,"Coffee & Tea, Cafes, Breakfast & Brunch",$$
aRgTX91mXajFmQD9qLKJ8w,34.06186,-118.30848,Here Fishy Fishy,542,4.5,"Japanese, Sushi Bars",$$$
IUm-XR_PcbHIARMv8HH0Zg,34.0438777,-118.2578333,Good Clean Fun,118,4.6,"Wine Bars, Beer, Wine & Spirits, Italian",$$
#NAME?,34.10024747,-118.3292788,Status Hollywood,28,4.2,"Seafood, Caribbean",
8efc5mYSXUk-GONWr1IScQ,34.10216,-118.30567,Crispy Pork Gang,973,2.8,"Thai, Seafood, Pan Asian",$$
beA_DlDpij8O9xK2B-NjEA,34.03518711,-118.2559254,Mex Peru Gipsy,1726,4.8,"Mexican, Peruvian, Seafood",$$
pJY819VzJToUHVWo-zc4jQ,34.0449715,-118.2573895,Tokyo Fried Chicken,55,4.5,"Chicken Shop, Japanese",
GVzvOXlWT2abJe-vCMkrRg,34.0408,-118.26471,Muffin Can Stop Us,22,4.5,"Breakfast & Brunch, Coffee & Tea, New American",
eOE6OQX0P87jALUycKvR_w,34.10139,-118.33777,Bollywood Grill,190,4.4,Indian,$$
I8EMnlUoqoJYzq0RPDuUDQ,34.039753,-118.304004,Blue Elephant Caf√©,132,4.4,"Cafes, Breakfast & Brunch, Juice Bars & Smoothies",$$
5SVj7kpiXxCEnkzL_8wA1g,34.05049,-118.24406,Redbird,1891,4.1,"Cocktail Bars, New American",$$$
qpZCi8oVqxOA_YSIaCaMnw,34.0255178,-118.2775239,Northern Cafe,397,3.8,"Noodles, Chinese",$$
3NNz-pVT_auFKzqt45D2ZA,34.07888,-118.30937,Western Doma Noodles,661,4.3,"Korean, Noodles",$$
5zYBoDGqO__fe5TYs6JapA,34.061114,-118.240917,New Kamara Restaurant,94,4.4,"Chinese, Cambodian",$$
shSWfUgyJI3YG73tJfND2Q,34.09020724,-118.3496925,Dumpling Monster - West Hollywood,223,3.7,"Taiwanese, Dim Sum",$$
Bzux14VeAPzlNTjc9dS7NQ,34.08902,-118.26905,L & E Oyster Bar,732,3.9,Seafood,$$$
TmuztHuzFydP4L6BxBkNXA,34.05761,-118.36165,Qi Steam Kitchen,193,4.1,"Dim Sum, Asian Fusion",$$
borw1LsTQAwaCIoNoa35bw,34.06355,-118.28741,Oh My Crab,392,3.8,"Seafood, Cajun/Creole, Chicken Wings",$$
AWQELVqEeeCbstdp8PUVYg,34.062044,-118.3146891,The Ppong,266,4.2,"Korean, Chinese, Soup",$$
Zof4QDg2sJe3kle1cP9I9g,34.023497,-118.3934733,Carasau,550,4.4,Sardinian,$$
tcZMtDczkhU5Z2fQBGQfUQ,34.03268,-118.35315,Red Rooster Bakery Cafe,20,4.1,"Bakeries, Cafes",
EyXDYrpJQJYB5e7mQlTqOg,34.04751585,-118.2606971,Wildbird,11,4,Chicken Shop,
#NAME?,34.102064,-118.305947,Thai Central Cuisine,73,4.7,"Thai, Noodles, Soup",
SBK1Vu9rrAmy4ypY8XmX1g,34.03445789,-118.2404646,Pane Bianco DTLA,52,4.4,"Pizza, Sandwiches",
4WxdnpUFTCr8XU_8lPpX8w,34.101861,-118.3240923,Shake Shack 6201 Hollywood - Hollywood & Gower,853,3.4,"Burgers, Fast Food",$$
EzxmUkyChkL3d3SLzsGeSA,34.0306834,-118.3995308,Lumpia Ladies of Los Angeles,4,5,"Filipino, Food Delivery Services",$$
H4ew518bqV4ew61g-brTrQ,34.0739493,-118.2516046,Button Mash,701,4.1,"Asian Fusion, Bars, Arcades",$$
bi0QB8hSLqOC9E61_aYGJQ,34.0640971,-118.2971966,Toe Bang Cafe,1071,3.9,"Korean, Barbeque",$$
MID298-6zm7sPfX2Rj52Ww,34.0746277,-118.252019,Manila Inasal,35,3.9,"Chicken Shop, Filipino, Barbeque",
P-pAAi56zMPPHfO7xf_wQQ,34.07512,-118.34437,Nong L√° Vietnamese Cafe,743,4.1,"Vietnamese, Noodles, Sandwiches",$$
xVSv26KBQexP4M0l63SGlg,34.106215,-118.28776,Alcove Caf√© & Bakery,4740,4,"Bakeries, Breakfast & Brunch, New American",$$
cjOPYO30o3HBDhVvsy7Hbw,34.0238098,-118.3941751,Lillie‚Äôs Bistro & Garden,94,3.8,"French, Bars, Sandwiches",$$$
asydRiVEAsv5u2X8BUG1kw,34.02074,-118.30917,Joan & Sisters Restaurant,101,4,Caribbean,$$
t__k23QspwzSrYQTPexXjA,34.0909349,-118.3569819,Kashtan,56,4.4,"Russian, Uzbek",$$$
0moEuzPYsJ3Fb8g-CADZSQ,34.09628,-118.32933,About Last Knife - Hollywood,28,3.1,"New American, Breakfast & Brunch",
k7LtnuppnMlbIQDqNKO3MQ,34.08217,-118.30929,BOA Steakhouse Los Angeles,15,3.5,"Steakhouses, Seafood, New American",
OD9Ff7dB3Fo9w-P4_MutGw,34.08208,-118.27184,Ceci's Gastronomia,100,4.7,"Italian, Soul Food, Sandwiches",$$
wpqPm7og9vgb3b1DnuyGGw,34.102,-118.30291,Susuru Ramen Bar,207,4.8,"Ramen, Sushi Bars, Noodles",$$
3mZU4RIAXNBwUEVF63bEHQ,34.090622,-118.364698,Irv's Burgers,634,4.3,"Burgers, Sandwiches",$$
guN1ZhKrXvQabzxqdtJTYQ,33.96424026,-118.3532219,Martin's Cocina y Cantina,774,4.2,Mexican,$$
geGu4PB5dJax9r-zEQV-gg,34.0461174,-118.2626504,The Capital Grille,220,4.5,"Steakhouses, Seafood, Wine Bars",
fxlD3KE4oHQNOQoE-Z6Wzg,34.056847,-118.28302,88 Restaurant,18,4.7,Korean,$
FIhj_380IbJsHolPuNzk2A,34.091215,-118.3047549,Paros Chicken,199,4.4,"Mediterranean, Sandwiches, Kebab",$
3vSIsnRUX2Td-8Zo3YGe3w,34.1022,-118.30645,Radna Silom,63,4.3,"Thai, Street Vendors, Noodles",
UJg9U_6djc7Wc089s1hFCg,34.03269854,-118.343423,Honey Bee's House of Breakfast,939,4,"Breakfast & Brunch, New American, Salvadoran",$$
4bgIaypX-9Xl8CitCgpw2w,34.095317,-118.227645,B'ivrit,35,4.5,"Middle Eastern, Food Stands, Vegan",
MgKw-34DLjc-ep_bRgjCiQ,34.06877927,-118.3070356,Jun Won Dak,47,4.9,Korean,
2vuoW-UozmDJmu2cYQbokA,34.06886586,-118.3050895,Cafe Upper,115,4.4,"Cafes, Coffee & Tea, Desserts",$
iA20EiQzGr-0PKRH8h7wgg,34.073891,-118.216224,The Airliner,31,4.7,"Wine Bars, Cocktail Bars, Pan Asian",
iDgSRXmuC7s4uYKo-1REtw,34.0337349,-118.24099,Bungkus Bagus,1,5,"Indonesian, Pop-Up Restaurants",
vUe6SGmCpWRbVdmj1ujMMQ,34.062718,-118.309564,California Rock'n Sushi - Los Angeles,373,4.6,"Sushi Bars, Asian Fusion, Japanese",$$
aVOeM9zGvIcyKuJWEMxc5w,34.0613568,-118.3001303,Daves Hot Chicken,618,3.8,"Chicken Shop, Halal",$$
jSrBVd210D8PpDyjQGvcsQ,34.05135104,-118.3087971,Seoul Soul BBQ,130,4.5,"Korean, Barbeque",$$$
IMvn6wIq4YvJ9Mk5rqdX8g,34.11792,-118.26131,Spina,41,4.2,"Italian, Desserts, Wine Bars",
ArwvKXMv027t4boQiSqvhQ,34.109437,-118.287155,Dal Milanese,115,4.2,Italian,$$$
pcgCYP6nbhfDqYjyHQzAXg,33.99681333,-118.4285542,Yahir,64,4.8,"Tapas Bars, Bars",
YCEgBqClpWXQ3leoAhWjoA,34.053969,-118.320502,Sushi Hon,347,4.4,Sushi Bars,$$
rdde9-P_Sg8_Q8nAj2xWkQ,34.083656,-118.341961,Tony Khachapuri,96,4.7,"Pizza, Georgian",$$
QKnDvexwbYgc7c-30-TUgw,34.07243,-118.36913,The Bop,117,4.9,"Asian Fusion, Japanese, Korean",
f3PFV3Kw7TLFcF3E9YgTSw,34.083723,-118.311995,La Fonda Antioquena,512,4.1,Colombian,$$
r8xaIfqjRRFpEg_jvWJOTQ,34.072699,-118.344282,Workshop Kitchen + Bar,53,3.6,"Restaurants, Cocktail Bars",
Ot60d9BaHuwhBBCmr7Js2g,34.091,-118.35245,Astro Burger,890,4,"Burgers, American, Mexican",$$
s_TkskxxmbPyq4UKRBJHRw,34.05244,-118.26846,Bombay Beach,456,4.5,"Indian, Caterers",$$
vC_6J_nGyf4J8xt-Vu6Shw,34.017358,-118.278406,Chichen Itza Restaurant,1423,4.5,"Mexican, Sandwiches, Soup",$$
QUAB_NZbZip3kWP5YladmA,34.092211,-118.291511,De La Tierra Cafe,49,5,"Cafes, Sandwiches",
kO-2RXxr3PJ4Fkh_2FfrMA,34.09103,-118.34952,Harlowe,504,3.9,"Cocktail Bars, French, Dance Clubs",$$
4fa2rkET8eT6sf9kUZx0jQ,34.05279,-118.27807,Daebokjung,65,4.2,"Korean, Seafood",$$
iqwQ2TuszS7y07DdSP_ZDQ,34.07238881,-118.309296,999 Pizza,4,3.8,"Chicken Wings, Sandwiches, Pizza",
I6qPZFpw6ieOryHugZQ5EA,34.09767,-118.32581,House of the Lasagne,2,5,"Italian, Pizza",
J81vf-trZiyjbJA5HBrkIA,34.088929,-118.276954,TheVTree,3,5,Soul Food,
Q6Gkv6-kmyMMVmMojCuaDw,34.045589,-118.235874,Yunomi Handroll,576,4.4,"Sushi Bars, Japanese, Seafood",$$
HkeSHehQdB8ZaBARpj2K5A,33.96757267,-118.3542252,Kuku Cafe,14,5,"Middle Eastern, Persian/Iranian",
0KrITDshZGMnv1m7nunoZQ,34.047509,-118.324763,Goat Restaurant,121,4.8,Korean,$$
PnQdOlJG3ErVz4W-HH-0Dg,34.05388628,-118.2507203,Vespaio,843,3.5,"Italian, Pizza, Wine Bars",$$$
OQtm6aFK58dUVJRBMTxyqg,34.04668989,-118.2385837,Kinjiro,462,4.7,Izakaya,$$$
pDqUvoNY1kR963MJnfnL6Q,34.04903713,-118.2547072,Water Grill - Los Angeles,2765,4.2,"Seafood, Bars",$$$
Emurmrl9E3vOXmiEcq3qkw,34.0344334,-118.2916849,Bird's Nest Cafe,1032,4.1,"Cafes, Breakfast & Brunch, Burgers",$$
a202lR4FGWbohe0o9cGUgQ,34.095603,-118.37238,Saddle Ranch Chop House,2563,3.7,"Steakhouses, Bars, American",$$
neJYe_OQ6jv5sy-myluwIg,34.09590245,-118.3265098,El Zarape Vine,66,4.5,"Mexican, Beer Bar",
kBJdl7y-MALnpKwU_HcYkA,34.02649521,-118.3886806,Juliet,182,3.8,"French, Wine Bars, Cocktail Bars",$$$
oOCNh4YADQeG3BJKdG_N5g,34.105193,-118.292081,House of Pies,2026,3.5,"Diners, Desserts, Breakfast & Brunch",$$
HPF9Qq-eHyrlLI3GcItQag,34.09755882,-118.3656643,Wokcano,588,3.7,"Chinese, Sushi Bars, Lounges",$$
F2NuLndluYcqceW3Fzo0Yw,34.07156085,-118.3773051,Emilia,225,4.4,"Breakfast & Brunch, Italian, Wine Bars",$$
IN7QsPXWT5A37TXIMFkGBA,34.08158,-118.259834,Naughty Pie Nature,16,5,Pizza,
5she1SvT28mr_Vi_D6aqAw,34.06345,-118.29487,Supamu,10,4.6,Japanese,
atwvQmt_Z0HG28mWHuwxHg,34.04847703,-118.2577673,Devorame,88,4.4,"Food Trucks, Mexican",$$
O89LOzlpGS4_U9AekLOobA,34.13660049,-118.3631744,The Baked Potato,347,3.9,"Jazz & Blues, American",$$
SY-vJPuqBJCRRKb-oa2AbQ,34.05208406,-118.2901633,Jook Hyang,103,4.6,"Korean, Seafood, Soup",$$
jiZnQu5Tm29WzjHtD3ec9Q,34.07899755,-118.311249,Heisenburger,1,5,Burgers,
ozBf-rVsPLrf8JG3hw9egQ,34.0743,-118.32343,Su√° Superette,24,3.6,Chinese,
5K-jAlFfFX1nnaeT8zsufw,34.057823,-118.308776,Pollo A La Brasa,1029,4.2,"Latin American, Peruvian, Chicken Shop",$$
-7-7Rqxo2-4RiJ9Yv0T_-A,34.123661,-118.221004,Chifa,336,3.9,"Peruvian, Cantonese, Taiwanese",$$$
Bu8RRm7g3Z4X2e5OlAhuMQ,34.061802,-118.339277,Orale! Mexican Cocina,22,4.6,Mexican,
iq2xPXyNHkVjlII01V-bjQ,34.048987,-118.24376,Peking Tavern,70,4.5,"Chinese, Noodles, Cocktail Bars",$$
T5XzED-R0r9KJz74EcHUNg,34.10199,-118.30323,Sapp Coffee Shop,1125,4.2,Thai,$$
ceCiXn-eAFNVYMXep2X3VQ,34.135837,-118.352962,Wasabi At Citywalk,1342,4.1,"Japanese, Sushi Bars, Beer Bar",$$
P_2Z_Wwk2Xtepobtxxsa6A,34.14403548,-118.2590252,Din Tai Fung,5094,4.1,"Dim Sum, Noodles, Soup",$$
mLbTDZsYKkV5Ynnz-X87iQ,34.09526,-118.29498,Square One Dining,1711,3.9,"New American, Breakfast & Brunch",$$
puo151bPwqvTl46LYZyOsA,34.07718,-118.26406,Larchmont Bungalow Cafe,709,4.2,Cafes,$$
